batter,batter_team,batter_avg,batter_hr,batter_ops,pitcher,pitcher_team,pitcher_era,pitcher_hr_trend,pitcher_velo_trend,park_factor,hit_prob,single_prob,double_prob,triple_prob,hr_prob,win_prob,value_score
Aaron Judge,NYY,0.331,53,1.144,Jacob deGrom,TEX,2.97,3.0,-1.9,1.15,0.324,0.211,0.065,0.006,0.15,0.505,30.7
Aaron Judge,NYY,0.331,53,1.144,Garrett Crochet,BOS,2.59,1.5,-0.2,1.15,0.331,0.215,0.066,0.007,0.135,0.517,29.5
Aaron Judge,NYY,0.331,53,1.144,Tarik Skubal,DET,2.21,1.0,3.3,1.15,0.339,0.22,0.068,0.007,0.133,0.506,29.3
Aaron Judge,NYY,0.331,53,1.144,Paul Skenes,PIT,1.97,0.0,0.0,1.15,0.343,0.223,0.069,0.007,0.126,0.542,29.3
Aaron Judge,NYY,0.331,53,1.144,Clay Holmes,NYM,3.53,1.3,-3.7,1.15,0.313,0.204,0.063,0.006,0.137,0.48,28.7
Aaron Judge,NYY,0.331,53,1.144,Cristopher Sanchez,PHI,2.5,0.0,0.0,1.15,0.333,0.216,0.067,0.007,0.123,0.52,28.4
Kyle Schwarber,PHI,0.24,56,0.928,Jacob deGrom,TEX,2.97,3.0,-1.9,1.12,0.229,0.149,0.046,0.005,0.154,0.485,28.4
Aaron Judge,NYY,0.331,53,1.144,Gavin Williams,CLE,3.06,0.9,1.0,1.15,0.322,0.21,0.064,0.006,0.126,0.509,28.3
Aaron Judge,NYY,0.331,53,1.144,Zack Littell,- - -,3.81,1.4,-1.6,1.15,0.308,0.2,0.062,0.006,0.129,0.508,28.2
Aaron Judge,NYY,0.331,53,1.144,Yoshinobu Yamamoto,LAD,2.49,0.0,0.0,1.15,0.333,0.217,0.067,0.007,0.123,0.502,28.1
Aaron Judge,NYY,0.331,53,1.144,Sonny Gray,STL,4.28,2.0,-0.5,1.15,0.299,0.194,0.06,0.006,0.126,0.514,27.8
Aaron Judge,NYY,0.331,53,1.144,Jeffrey Springs,ATH,4.11,2.2,-0.2,1.15,0.302,0.197,0.06,0.006,0.129,0.484,27.7
Aaron Judge,NYY,0.331,53,1.144,Merrill Kelly,- - -,3.52,0.2,-0.5,1.15,0.314,0.204,0.063,0.006,0.118,0.523,27.5
Aaron Judge,NYY,0.331,53,1.144,Kevin Gausman,TOR,3.59,0.1,-0.5,1.15,0.312,0.203,0.062,0.006,0.117,0.517,27.3
Aaron Judge,NYY,0.331,53,1.144,Tanner Bibee,CLE,4.24,1.3,-0.7,1.15,0.3,0.195,0.06,0.006,0.122,0.505,27.3
Kyle Schwarber,PHI,0.24,56,0.928,Garrett Crochet,BOS,2.59,1.5,-0.2,1.12,0.234,0.152,0.047,0.005,0.139,0.498,27.2
Kyle Schwarber,PHI,0.24,56,0.928,Tarik Skubal,DET,2.21,1.0,3.3,1.12,0.239,0.155,0.048,0.005,0.136,0.486,26.9
Kyle Schwarber,PHI,0.24,56,0.928,Paul Skenes,PIT,1.97,0.0,0.0,1.12,0.242,0.158,0.048,0.005,0.13,0.522,26.9
Aaron Judge,NYY,0.331,53,1.144,Kyle Hendricks,LAA,4.76,1.4,-1.8,1.15,0.29,0.189,0.058,0.006,0.122,0.499,26.9
Aaron Judge,NYY,0.331,53,1.144,Jesus Luzardo,PHI,3.92,0.0,0.0,1.15,0.306,0.199,0.061,0.006,0.113,0.52,26.7
Kyle Schwarber,PHI,0.24,56,0.928,Clay Holmes,NYM,3.53,1.3,-3.7,1.12,0.221,0.144,0.044,0.004,0.141,0.46,26.5
Aaron Judge,NYY,0.331,53,1.144,Andre Pallante,STL,5.31,0.9,-1.9,1.15,0.28,0.182,0.056,0.006,0.114,0.527,26.3
Aaron Judge,NYY,0.331,53,1.144,Dylan Cease,SDP,4.55,0.3,2.9,1.15,0.294,0.191,0.059,0.006,0.11,0.529,26.3
Aaron Judge,NYY,0.331,53,1.144,Zac Gallen,ARI,4.83,0.8,-0.7,1.15,0.289,0.188,0.058,0.006,0.114,0.501,26.1
Kyle Schwarber,PHI,0.24,56,0.928,Zack Littell,- - -,3.81,1.4,-1.6,1.12,0.218,0.141,0.044,0.004,0.133,0.488,26.0
Aaron Judge,NYY,0.331,53,1.144,Jake Irvin,WSN,5.7,1.1,-3.0,1.15,0.272,0.177,0.054,0.005,0.115,0.51,26.0
Kyle Schwarber,PHI,0.24,56,0.928,Gavin Williams,CLE,3.06,0.9,1.0,1.12,0.228,0.148,0.046,0.005,0.13,0.49,26.0
Kyle Schwarber,PHI,0.24,56,0.928,Cristopher Sanchez,PHI,2.5,0.0,0.0,1.12,0.235,0.153,0.047,0.005,0.126,0.5,26.0
Cal Raleigh,SEA,0.247,60,0.948,Jacob deGrom,TEX,2.97,3.0,-1.9,0.92,0.193,0.126,0.039,0.004,0.136,0.501,25.9
Kyle Schwarber,PHI,0.24,56,0.928,Sonny Gray,STL,4.28,2.0,-0.5,1.12,0.211,0.137,0.042,0.004,0.13,0.495,25.7
Kyle Schwarber,PHI,0.24,56,0.928,Yoshinobu Yamamoto,LAD,2.49,0.0,0.0,1.12,0.235,0.153,0.047,0.005,0.126,0.482,25.7
Kyle Schwarber,PHI,0.24,56,0.928,Jeffrey Springs,ATH,4.11,2.2,-0.2,1.12,0.214,0.139,0.043,0.004,0.132,0.464,25.5
Shohei Ohtani,LAD,0.282,55,1.014,Jacob deGrom,TEX,2.97,3.0,-1.9,0.92,0.221,0.144,0.044,0.004,0.124,0.503,25.5
Hunter Goodman,COL,0.278,31,0.843,Jacob deGrom,TEX,2.97,3.0,-1.9,1.35,0.32,0.208,0.064,0.006,0.103,0.481,25.5
Kyle Schwarber,PHI,0.24,56,0.928,Merrill Kelly,- - -,3.52,0.2,-0.5,1.12,0.221,0.144,0.044,0.004,0.122,0.503,25.2
Kyle Schwarber,PHI,0.24,56,0.928,Tanner Bibee,CLE,4.24,1.3,-0.7,1.12,0.212,0.138,0.042,0.004,0.126,0.485,25.1
Kyle Schwarber,PHI,0.24,56,0.928,Kevin Gausman,TOR,3.59,0.1,-0.5,1.12,0.221,0.143,0.044,0.004,0.12,0.498,25.0
Hunter Goodman,COL,0.278,31,0.843,Paul Skenes,PIT,1.97,0.0,0.0,1.35,0.338,0.22,0.068,0.007,0.087,0.517,24.9
Cal Raleigh,SEA,0.247,60,0.948,Garrett Crochet,BOS,2.59,1.5,-0.2,0.92,0.198,0.129,0.04,0.004,0.122,0.513,24.9
Hunter Goodman,COL,0.278,31,0.843,Garrett Crochet,BOS,2.59,1.5,-0.2,1.35,0.327,0.212,0.065,0.007,0.093,0.493,24.8
Kyle Schwarber,PHI,0.24,56,0.928,Kyle Hendricks,LAA,4.76,1.4,-1.8,1.12,0.205,0.133,0.041,0.004,0.125,0.479,24.8
Hunter Goodman,COL,0.278,31,0.843,Tarik Skubal,DET,2.21,1.0,3.3,1.35,0.334,0.217,0.067,0.007,0.091,0.482,24.7
Cal Raleigh,SEA,0.247,60,0.948,Paul Skenes,PIT,1.97,0.0,0.0,0.92,0.205,0.133,0.041,0.004,0.114,0.538,24.6
Cal Raleigh,SEA,0.247,60,0.948,Tarik Skubal,DET,2.21,1.0,3.3,0.92,0.202,0.131,0.04,0.004,0.12,0.502,24.6
Shohei Ohtani,LAD,0.282,55,1.014,Garrett Crochet,BOS,2.59,1.5,-0.2,0.92,0.226,0.147,0.045,0.005,0.112,0.516,24.6
Kyle Schwarber,PHI,0.24,56,0.928,Jesus Luzardo,PHI,3.92,0.0,0.0,1.12,0.216,0.14,0.043,0.004,0.116,0.5,24.5
Shohei Ohtani,LAD,0.282,55,1.014,Paul Skenes,PIT,1.97,0.0,0.0,0.92,0.234,0.152,0.047,0.005,0.105,0.54,24.4
Junior Caminero,TBR,0.264,45,0.846,Jacob deGrom,TEX,2.97,3.0,-1.9,1.0,0.225,0.146,0.045,0.004,0.111,0.513,24.4
Kyle Schwarber,PHI,0.24,56,0.928,Andre Pallante,STL,5.31,0.9,-1.9,1.12,0.197,0.128,0.039,0.004,0.117,0.507,24.3
Shohei Ohtani,LAD,0.282,55,1.014,Tarik Skubal,DET,2.21,1.0,3.3,0.92,0.231,0.15,0.046,0.005,0.11,0.504,24.3
Cal Raleigh,SEA,0.247,60,0.948,Clay Holmes,NYM,3.53,1.3,-3.7,0.92,0.187,0.122,0.037,0.004,0.124,0.476,24.2
Kyle Schwarber,PHI,0.24,56,0.928,Dylan Cease,SDP,4.55,0.3,2.9,1.12,0.208,0.135,0.042,0.004,0.114,0.509,24.2
Hunter Goodman,COL,0.278,31,0.843,Cristopher Sanchez,PHI,2.5,0.0,0.0,1.35,0.328,0.213,0.066,0.007,0.084,0.496,24.1
Kyle Schwarber,PHI,0.24,56,0.928,Zac Gallen,ARI,4.83,0.8,-0.7,1.12,0.204,0.133,0.041,0.004,0.117,0.481,24.1
Eugenio Suarez,- - -,0.228,49,0.824,Jacob deGrom,TEX,2.97,3.0,-1.9,1.0,0.194,0.126,0.039,0.004,0.12,0.48,24.1
Hunter Goodman,COL,0.278,31,0.843,Clay Holmes,NYM,3.53,1.3,-3.7,1.35,0.309,0.201,0.062,0.006,0.094,0.455,24.0
Kyle Schwarber,PHI,0.24,56,0.928,Jake Irvin,WSN,5.7,1.1,-3.0,1.12,0.192,0.125,0.038,0.004,0.119,0.49,24.0
Hunter Goodman,COL,0.278,31,0.843,Gavin Williams,CLE,3.06,0.9,1.0,1.35,0.318,0.207,0.064,0.006,0.087,0.485,23.9
Shohei Ohtani,LAD,0.282,55,1.014,Clay Holmes,NYM,3.53,1.3,-3.7,0.92,0.214,0.139,0.043,0.004,0.114,0.478,23.9
Cal Raleigh,SEA,0.247,60,0.948,Cristopher Sanchez,PHI,2.5,0.0,0.0,0.92,0.199,0.129,0.04,0.004,0.111,0.516,23.8
Hunter Goodman,COL,0.278,31,0.843,Yoshinobu Yamamoto,LAD,2.49,0.0,0.0,1.35,0.329,0.214,0.066,0.007,0.084,0.477,23.8
Cal Raleigh,SEA,0.247,60,0.948,Zack Littell,- - -,3.81,1.4,-1.6,0.92,0.184,0.12,0.037,0.004,0.117,0.503,23.8
Cal Raleigh,SEA,0.247,60,0.948,Gavin Williams,CLE,3.06,0.9,1.0,0.92,0.192,0.125,0.038,0.004,0.114,0.505,23.8
Hunter Goodman,COL,0.278,31,0.843,Zack Littell,- - -,3.81,1.4,-1.6,1.35,0.304,0.197,0.061,0.006,0.089,0.483,23.7
Cal Raleigh,SEA,0.247,60,0.948,Yoshinobu Yamamoto,LAD,2.49,0.0,0.0,0.92,0.199,0.129,0.04,0.004,0.111,0.498,23.6
Shohei Ohtani,LAD,0.282,55,1.014,Cristopher Sanchez,PHI,2.5,0.0,0.0,0.92,0.227,0.148,0.045,0.005,0.102,0.518,23.6
Shohei Ohtani,LAD,0.282,55,1.014,Gavin Williams,CLE,3.06,0.9,1.0,0.92,0.22,0.143,0.044,0.004,0.105,0.508,23.6
Shohei Ohtani,LAD,0.282,55,1.014,Zack Littell,- - -,3.81,1.4,-1.6,0.92,0.21,0.137,0.042,0.004,0.107,0.506,23.6
Junior Caminero,TBR,0.264,45,0.846,Garrett Crochet,BOS,2.59,1.5,-0.2,1.0,0.23,0.149,0.046,0.005,0.1,0.525,23.6
Cal Raleigh,SEA,0.247,60,0.948,Sonny Gray,STL,4.28,2.0,-0.5,0.92,0.179,0.116,0.036,0.004,0.115,0.51,23.6
Junior Caminero,TBR,0.264,45,0.846,Paul Skenes,PIT,1.97,0.0,0.0,1.0,0.238,0.155,0.048,0.005,0.093,0.55,23.5
Cal Raleigh,SEA,0.247,60,0.948,Jeffrey Springs,ATH,4.11,2.2,-0.2,0.92,0.181,0.117,0.036,0.004,0.117,0.48,23.4
Hunter Goodman,COL,0.278,31,0.843,Sonny Gray,STL,4.28,2.0,-0.5,1.35,0.295,0.192,0.059,0.006,0.087,0.49,23.4
Shohei Ohtani,LAD,0.282,55,1.014,Yoshinobu Yamamoto,LAD,2.49,0.0,0.0,0.92,0.227,0.148,0.045,0.005,0.102,0.5,23.4
Junior Caminero,TBR,0.264,45,0.846,Tarik Skubal,DET,2.21,1.0,3.3,1.0,0.235,0.153,0.047,0.005,0.098,0.514,23.4
Hunter Goodman,COL,0.278,31,0.843,Merrill Kelly,- - -,3.52,0.2,-0.5,1.35,0.309,0.201,0.062,0.006,0.081,0.498,23.3
Shohei Ohtani,LAD,0.282,55,1.014,Sonny Gray,STL,4.28,2.0,-0.5,0.92,0.204,0.133,0.041,0.004,0.105,0.513,23.3
Cal Raleigh,SEA,0.247,60,0.948,Merrill Kelly,- - -,3.52,0.2,-0.5,0.92,0.187,0.122,0.037,0.004,0.107,0.519,23.2
Eugenio Suarez,- - -,0.228,49,0.824,Garrett Crochet,BOS,2.59,1.5,-0.2,1.0,0.198,0.129,0.04,0.004,0.108,0.493,23.2
Hunter Goodman,COL,0.278,31,0.843,Jeffrey Springs,ATH,4.11,2.2,-0.2,1.35,0.298,0.194,0.06,0.006,0.088,0.46,23.2
Hunter Goodman,COL,0.278,31,0.843,Kevin Gausman,TOR,3.59,0.1,-0.5,1.35,0.308,0.2,0.062,0.006,0.08,0.493,23.1
Eugenio Suarez,- - -,0.228,49,0.824,Paul Skenes,PIT,1.97,0.0,0.0,1.0,0.206,0.134,0.041,0.004,0.102,0.517,23.1
Shohei Ohtani,LAD,0.282,55,1.014,Jeffrey Springs,ATH,4.11,2.2,-0.2,0.92,0.206,0.134,0.041,0.004,0.107,0.482,23.1
Hunter Goodman,COL,0.278,31,0.843,Tanner Bibee,CLE,4.24,1.3,-0.7,1.35,0.296,0.192,0.059,0.006,0.084,0.48,23.0
Shohei Ohtani,LAD,0.282,55,1.014,Merrill Kelly,- - -,3.52,0.2,-0.5,0.92,0.214,0.139,0.043,0.004,0.098,0.521,23.0
Cal Raleigh,SEA,0.247,60,0.948,Tanner Bibee,CLE,4.24,1.3,-0.7,0.92,0.179,0.116,0.036,0.004,0.111,0.5,23.0
Eugenio Suarez,- - -,0.228,49,0.824,Tarik Skubal,DET,2.21,1.0,3.3,1.0,0.203,0.132,0.041,0.004,0.107,0.482,23.0
Cal Raleigh,SEA,0.247,60,0.948,Kevin Gausman,TOR,3.59,0.1,-0.5,0.92,0.186,0.121,0.037,0.004,0.106,0.513,23.0
Trent Grisham,NYY,0.235,34,0.811,Jacob deGrom,TEX,2.97,3.0,-1.9,1.15,0.23,0.15,0.046,0.005,0.096,0.505,22.9
Junior Caminero,TBR,0.264,45,0.846,Clay Holmes,NYM,3.53,1.3,-3.7,1.0,0.217,0.141,0.043,0.004,0.101,0.488,22.9
Michael Busch,CHC,0.261,34,0.866,Jacob deGrom,TEX,2.97,3.0,-1.9,1.12,0.249,0.162,0.05,0.005,0.094,0.487,22.9
Cal Raleigh,SEA,0.247,60,0.948,Kyle Hendricks,LAA,4.76,1.4,-1.8,0.92,0.173,0.113,0.035,0.003,0.11,0.495,22.8
Shohei Ohtani,LAD,0.282,55,1.014,Tanner Bibee,CLE,4.24,1.3,-0.7,0.92,0.204,0.133,0.041,0.004,0.101,0.503,22.8
Shohei Ohtani,LAD,0.282,55,1.014,Kevin Gausman,TOR,3.59,0.1,-0.5,0.92,0.213,0.138,0.043,0.004,0.097,0.516,22.8
Junior Caminero,TBR,0.264,45,0.846,Cristopher Sanchez,PHI,2.5,0.0,0.0,1.0,0.231,0.15,0.046,0.005,0.091,0.528,22.7
Hunter Goodman,COL,0.278,31,0.843,Jesus Luzardo,PHI,3.92,0.0,0.0,1.35,0.302,0.196,0.06,0.006,0.077,0.496,22.7
Junior Caminero,TBR,0.264,45,0.846,Gavin Williams,CLE,3.06,0.9,1.0,1.0,0.224,0.145,0.045,0.004,0.093,0.517,22.7
Hunter Goodman,COL,0.278,31,0.843,Kyle Hendricks,LAA,4.76,1.4,-1.8,1.35,0.286,0.186,0.057,0.006,0.083,0.475,22.6
Junior Caminero,TBR,0.264,45,0.846,Zack Littell,- - -,3.81,1.4,-1.6,1.0,0.214,0.139,0.043,0.004,0.095,0.516,22.6
George Springer,TOR,0.309,32,0.959,Jacob deGrom,TEX,2.97,3.0,-1.9,1.05,0.276,0.18,0.055,0.006,0.083,0.487,22.5
Eugenio Suarez,- - -,0.228,49,0.824,Clay Holmes,NYM,3.53,1.3,-3.7,1.0,0.188,0.122,0.038,0.004,0.11,0.455,22.5
Junior Caminero,TBR,0.264,45,0.846,Yoshinobu Yamamoto,LAD,2.49,0.0,0.0,1.0,0.231,0.15,0.046,0.005,0.091,0.51,22.5
Corbin Carroll,ARI,0.259,31,0.883,Jacob deGrom,TEX,2.97,3.0,-1.9,1.15,0.254,0.165,0.051,0.005,0.088,0.493,22.5
Shohei Ohtani,LAD,0.282,55,1.014,Kyle Hendricks,LAA,4.76,1.4,-1.8,0.92,0.198,0.129,0.04,0.004,0.101,0.497,22.5
Cal Raleigh,SEA,0.247,60,0.948,Jesus Luzardo,PHI,3.92,0.0,0.0,0.92,0.183,0.119,0.037,0.004,0.102,0.516,22.5
Junior Caminero,TBR,0.264,45,0.846,Sonny Gray,STL,4.28,2.0,-0.5,1.0,0.208,0.135,0.042,0.004,0.093,0.522,22.4
Hunter Goodman,COL,0.278,31,0.843,Dylan Cease,SDP,4.55,0.3,2.9,1.35,0.29,0.188,0.058,0.006,0.076,0.505,22.4
Byron Buxton,MIN,0.264,35,0.878,Jacob deGrom,TEX,2.97,3.0,-1.9,1.05,0.236,0.153,0.047,0.005,0.09,0.488,22.3
Shohei Ohtani,LAD,0.282,55,1.014,Jesus Luzardo,PHI,3.92,0.0,0.0,0.92,0.209,0.136,0.042,0.004,0.094,0.518,22.3
Trent Grisham,NYY,0.235,34,0.811,Paul Skenes,PIT,1.97,0.0,0.0,1.15,0.244,0.158,0.049,0.005,0.081,0.542,22.3
Cal Raleigh,SEA,0.247,60,0.948,Dylan Cease,SDP,4.55,0.3,2.9,0.92,0.176,0.114,0.035,0.004,0.1,0.525,22.3
Hunter Goodman,COL,0.278,31,0.843,Andre Pallante,STL,5.31,0.9,-1.9,1.35,0.276,0.179,0.055,0.006,0.078,0.503,22.3
Cal Raleigh,SEA,0.247,60,0.948,Andre Pallante,STL,5.31,0.9,-1.9,0.92,0.167,0.108,0.033,0.003,0.103,0.523,22.3
Michael Busch,CHC,0.261,34,0.866,Paul Skenes,PIT,1.97,0.0,0.0,1.12,0.264,0.171,0.053,0.005,0.079,0.524,22.3
Jazz Chisholm Jr.,NYY,0.242,31,0.813,Jacob deGrom,TEX,2.97,3.0,-1.9,1.15,0.237,0.154,0.047,0.005,0.088,0.505,22.3
Trent Grisham,NYY,0.235,34,0.811,Garrett Crochet,BOS,2.59,1.5,-0.2,1.15,0.235,0.153,0.047,0.005,0.087,0.517,22.3
Michael Busch,CHC,0.261,34,0.866,Garrett Crochet,BOS,2.59,1.5,-0.2,1.12,0.254,0.165,0.051,0.005,0.084,0.5,22.3
Eugenio Suarez,- - -,0.228,49,0.824,Cristopher Sanchez,PHI,2.5,0.0,0.0,1.0,0.2,0.13,0.04,0.004,0.099,0.495,22.3
Eugenio Suarez,- - -,0.228,49,0.824,Gavin Williams,CLE,3.06,0.9,1.0,1.0,0.193,0.126,0.039,0.004,0.101,0.485,22.2
Eugenio Suarez,- - -,0.228,49,0.824,Zack Littell,- - -,3.81,1.4,-1.6,1.0,0.185,0.12,0.037,0.004,0.104,0.483,22.2
George Springer,TOR,0.309,32,0.959,Paul Skenes,PIT,1.97,0.0,0.0,1.05,0.292,0.19,0.058,0.006,0.07,0.523,22.1
Hunter Goodman,COL,0.278,31,0.843,Zac Gallen,ARI,4.83,0.8,-0.7,1.35,0.285,0.185,0.057,0.006,0.078,0.476,22.1
Corbin Carroll,ARI,0.259,31,0.883,Paul Skenes,PIT,1.97,0.0,0.0,1.15,0.269,0.175,0.054,0.005,0.074,0.53,22.1
Cal Raleigh,SEA,0.247,60,0.948,Jake Irvin,WSN,5.7,1.1,-3.0,0.92,0.162,0.106,0.032,0.003,0.104,0.506,22.1
Michael Busch,CHC,0.261,34,0.866,Tarik Skubal,DET,2.21,1.0,3.3,1.12,0.26,0.169,0.052,0.005,0.083,0.488,22.1
Trent Grisham,NYY,0.235,34,0.811,Tarik Skubal,DET,2.21,1.0,3.3,1.15,0.24,0.156,0.048,0.005,0.085,0.506,22.1
Junior Caminero,TBR,0.264,45,0.846,Jeffrey Springs,ATH,4.11,2.2,-0.2,1.0,0.21,0.136,0.042,0.004,0.095,0.492,22.1
Shohei Ohtani,LAD,0.282,55,1.014,Andre Pallante,STL,5.31,0.9,-1.9,0.92,0.191,0.124,0.038,0.004,0.095,0.525,22.1
Junior Caminero,TBR,0.264,45,0.846,Merrill Kelly,- - -,3.52,0.2,-0.5,1.0,0.218,0.141,0.044,0.004,0.087,0.531,22.1
Shohei Ohtani,LAD,0.282,55,1.014,Dylan Cease,SDP,4.55,0.3,2.9,0.92,0.2,0.13,0.04,0.004,0.092,0.527,22.1
Cal Raleigh,SEA,0.247,60,0.948,Zac Gallen,ARI,4.83,0.8,-0.7,0.92,0.172,0.112,0.034,0.003,0.103,0.497,22.1
Corbin Carroll,ARI,0.259,31,0.883,Garrett Crochet,BOS,2.59,1.5,-0.2,1.15,0.259,0.169,0.052,0.005,0.079,0.506,22.0
Seiya Suzuki,CHC,0.245,32,0.804,Jacob deGrom,TEX,2.97,3.0,-1.9,1.12,0.234,0.152,0.047,0.005,0.088,0.487,22.0
Eugenio Suarez,- - -,0.228,49,0.824,Sonny Gray,STL,4.28,2.0,-0.5,1.0,0.179,0.116,0.036,0.004,0.102,0.49,22.0
Eugenio Suarez,- - -,0.228,49,0.824,Yoshinobu Yamamoto,LAD,2.49,0.0,0.0,1.0,0.2,0.13,0.04,0.004,0.099,0.477,22.0
George Springer,TOR,0.309,32,0.959,Garrett Crochet,BOS,2.59,1.5,-0.2,1.05,0.282,0.184,0.056,0.006,0.074,0.499,22.0
Junior Caminero,TBR,0.264,45,0.846,Tanner Bibee,CLE,4.24,1.3,-0.7,1.0,0.208,0.135,0.042,0.004,0.09,0.513,21.9
Shohei Ohtani,LAD,0.282,55,1.014,Zac Gallen,ARI,4.83,0.8,-0.7,0.92,0.197,0.128,0.039,0.004,0.095,0.499,21.9
Junior Caminero,TBR,0.264,45,0.846,Kevin Gausman,TOR,3.59,0.1,-0.5,1.0,0.217,0.141,0.043,0.004,0.086,0.525,21.9
Hunter Goodman,COL,0.278,31,0.843,Jake Irvin,WSN,5.7,1.1,-3.0,1.35,0.268,0.174,0.054,0.005,0.079,0.486,21.9
Eugenio Suarez,- - -,0.228,49,0.824,Jeffrey Springs,ATH,4.11,2.2,-0.2,1.0,0.181,0.118,0.036,0.004,0.103,0.459,21.8
Jazz Chisholm Jr.,NYY,0.242,31,0.813,Paul Skenes,PIT,1.97,0.0,0.0,1.15,0.251,0.163,0.05,0.005,0.074,0.542,21.8
Juan Soto,NYM,0.263,43,0.921,Jacob deGrom,TEX,2.97,3.0,-1.9,0.88,0.197,0.128,0.039,0.004,0.093,0.506,21.8
Shohei Ohtani,LAD,0.282,55,1.014,Jake Irvin,WSN,5.7,1.1,-3.0,0.92,0.185,0.121,0.037,0.004,0.096,0.508,21.8
Corbin Carroll,ARI,0.259,31,0.883,Tarik Skubal,DET,2.21,1.0,3.3,1.15,0.265,0.172,0.053,0.005,0.078,0.494,21.8
George Springer,TOR,0.309,32,0.959,Tarik Skubal,DET,2.21,1.0,3.3,1.05,0.289,0.188,0.058,0.006,0.073,0.488,21.8
Byron Buxton,MIN,0.264,35,0.878,Garrett Crochet,BOS,2.59,1.5,-0.2,1.05,0.241,0.157,0.048,0.005,0.081,0.501,21.7
Eugenio Suarez,- - -,0.228,49,0.824,Merrill Kelly,- - -,3.52,0.2,-0.5,1.0,0.188,0.122,0.038,0.004,0.095,0.498,21.7
Byron Buxton,MIN,0.264,35,0.878,Paul Skenes,PIT,1.97,0.0,0.0,1.05,0.25,0.162,0.05,0.005,0.076,0.525,21.7
Pete Crow-Armstrong,CHC,0.247,31,0.768,Jacob deGrom,TEX,2.97,3.0,-1.9,1.12,0.236,0.153,0.047,0.005,0.085,0.487,21.7
Jazz Chisholm Jr.,NYY,0.242,31,0.813,Garrett Crochet,BOS,2.59,1.5,-0.2,1.15,0.242,0.157,0.048,0.005,0.079,0.517,21.7
Junior Caminero,TBR,0.264,45,0.846,Kyle Hendricks,LAA,4.76,1.4,-1.8,1.0,0.201,0.131,0.04,0.004,0.09,0.507,21.6
Trent Grisham,NYY,0.235,34,0.811,Cristopher Sanchez,PHI,2.5,0.0,0.0,1.15,0.236,0.154,0.047,0.005,0.079,0.52,21.6
Michael Busch,CHC,0.261,34,0.866,Cristopher Sanchez,PHI,2.5,0.0,0.0,1.12,0.256,0.166,0.051,0.005,0.077,0.502,21.6
Junior Caminero,TBR,0.264,45,0.846,Jesus Luzardo,PHI,3.92,0.0,0.0,1.0,0.212,0.138,0.042,0.004,0.083,0.528,21.5
Byron Buxton,MIN,0.264,35,0.878,Tarik Skubal,DET,2.21,1.0,3.3,1.05,0.247,0.16,0.049,0.005,0.08,0.489,21.5
Eugenio Suarez,- - -,0.228,49,0.824,Tanner Bibee,CLE,4.24,1.3,-0.7,1.0,0.18,0.117,0.036,0.004,0.098,0.48,21.5
Seiya Suzuki,CHC,0.245,32,0.804,Paul Skenes,PIT,1.97,0.0,0.0,1.12,0.247,0.161,0.049,0.005,0.074,0.524,21.5
Trent Grisham,NYY,0.235,34,0.811,Clay Holmes,NYM,3.53,1.3,-3.7,1.15,0.223,0.145,0.045,0.004,0.088,0.48,21.5
Michael Busch,CHC,0.261,34,0.866,Clay Holmes,NYM,3.53,1.3,-3.7,1.12,0.241,0.156,0.048,0.005,0.086,0.462,21.5
Eugenio Suarez,- - -,0.228,49,0.824,Kevin Gausman,TOR,3.59,0.1,-0.5,1.0,0.187,0.122,0.037,0.004,0.094,0.493,21.5
Jazz Chisholm Jr.,NYY,0.242,31,0.813,Tarik Skubal,DET,2.21,1.0,3.3,1.15,0.248,0.161,0.05,0.005,0.078,0.506,21.5
Trent Grisham,NYY,0.235,34,0.811,Gavin Williams,CLE,3.06,0.9,1.0,1.15,0.229,0.149,0.046,0.005,0.081,0.509,21.5
George Springer,TOR,0.309,32,0.959,Cristopher Sanchez,PHI,2.5,0.0,0.0,1.05,0.284,0.185,0.057,0.006,0.068,0.502,21.4
Seiya Suzuki,CHC,0.245,32,0.804,Garrett Crochet,BOS,2.59,1.5,-0.2,1.12,0.239,0.155,0.048,0.005,0.079,0.5,21.4
Michael Busch,CHC,0.261,34,0.866,Gavin Williams,CLE,3.06,0.9,1.0,1.12,0.248,0.161,0.05,0.005,0.079,0.492,21.4
Trent Grisham,NYY,0.235,34,0.811,Zack Littell,- - -,3.81,1.4,-1.6,1.15,0.219,0.142,0.044,0.004,0.083,0.508,21.4
Junior Caminero,TBR,0.264,45,0.846,Andre Pallante,STL,5.31,0.9,-1.9,1.0,0.194,0.126,0.039,0.004,0.084,0.535,21.3
Pete Crow-Armstrong,CHC,0.247,31,0.768,Paul Skenes,PIT,1.97,0.0,0.0,1.12,0.249,0.162,0.05,0.005,0.072,0.524,21.3
Junior Caminero,TBR,0.264,45,0.846,Dylan Cease,SDP,4.55,0.3,2.9,1.0,0.204,0.133,0.041,0.004,0.082,0.537,21.3
Michael Busch,CHC,0.261,34,0.866,Yoshinobu Yamamoto,LAD,2.49,0.0,0.0,1.12,0.256,0.166,0.051,0.005,0.077,0.484,21.3
Michael Busch,CHC,0.261,34,0.866,Zack Littell,- - -,3.81,1.4,-1.6,1.12,0.237,0.154,0.047,0.005,0.081,0.49,21.3
Corbin Carroll,ARI,0.259,31,0.883,Cristopher Sanchez,PHI,2.5,0.0,0.0,1.15,0.261,0.169,0.052,0.005,0.072,0.508,21.3
Trent Grisham,NYY,0.235,34,0.811,Yoshinobu Yamamoto,LAD,2.49,0.0,0.0,1.15,0.237,0.154,0.047,0.005,0.079,0.502,21.3
Juan Soto,NYM,0.263,43,0.921,Garrett Crochet,BOS,2.59,1.5,-0.2,0.88,0.201,0.131,0.04,0.004,0.084,0.519,21.2
Rafael Devers,- - -,0.252,35,0.851,Jacob deGrom,TEX,2.97,3.0,-1.9,1.0,0.215,0.139,0.043,0.004,0.086,0.48,21.2
Pete Crow-Armstrong,CHC,0.247,31,0.768,Garrett Crochet,BOS,2.59,1.5,-0.2,1.12,0.241,0.157,0.048,0.005,0.077,0.5,21.2
Corbin Carroll,ARI,0.259,31,0.883,Clay Holmes,NYM,3.53,1.3,-3.7,1.15,0.245,0.159,0.049,0.005,0.08,0.468,21.2
George Springer,TOR,0.309,32,0.959,Gavin Williams,CLE,3.06,0.9,1.0,1.05,0.275,0.179,0.055,0.005,0.07,0.491,21.2
Eugenio Suarez,- - -,0.228,49,0.824,Kyle Hendricks,LAA,4.76,1.4,-1.8,1.0,0.174,0.113,0.035,0.003,0.098,0.474,21.2
Juan Soto,NYM,0.263,43,0.921,Paul Skenes,PIT,1.97,0.0,0.0,0.88,0.209,0.136,0.042,0.004,0.078,0.543,21.2
Seiya Suzuki,CHC,0.245,32,0.804,Tarik Skubal,DET,2.21,1.0,3.3,1.12,0.244,0.159,0.049,0.005,0.078,0.488,21.2
George Springer,TOR,0.309,32,0.959,Yoshinobu Yamamoto,LAD,2.49,0.0,0.0,1.05,0.284,0.185,0.057,0.006,0.068,0.483,21.1
Eugenio Suarez,- - -,0.228,49,0.824,Jesus Luzardo,PHI,3.92,0.0,0.0,1.0,0.183,0.119,0.037,0.004,0.091,0.495,21.1
Michael Busch,CHC,0.261,34,0.866,Sonny Gray,STL,4.28,2.0,-0.5,1.12,0.23,0.149,0.046,0.005,0.079,0.497,21.1
Corbin Carroll,ARI,0.259,31,0.883,Gavin Williams,CLE,3.06,0.9,1.0,1.15,0.252,0.164,0.05,0.005,0.074,0.498,21.1
George Springer,TOR,0.309,32,0.959,Clay Holmes,NYM,3.53,1.3,-3.7,1.05,0.267,0.174,0.053,0.005,0.075,0.461,21.1
Jazz Chisholm Jr.,NYY,0.242,31,0.813,Cristopher Sanchez,PHI,2.5,0.0,0.0,1.15,0.244,0.158,0.049,0.005,0.072,0.52,21.1
Junior Caminero,TBR,0.264,45,0.846,Zac Gallen,ARI,4.83,0.8,-0.7,1.0,0.2,0.13,0.04,0.004,0.084,0.509,21.1
Trent Grisham,NYY,0.235,34,0.811,Sonny Gray,STL,4.28,2.0,-0.5,1.15,0.212,0.138,0.042,0.004,0.081,0.514,21.1
Pete Crow-Armstrong,CHC,0.247,31,0.768,Tarik Skubal,DET,2.21,1.0,3.3,1.12,0.246,0.16,0.049,0.005,0.076,0.488,21.0
Juan Soto,NYM,0.263,43,0.921,Tarik Skubal,DET,2.21,1.0,3.3,0.88,0.206,0.134,0.041,0.004,0.082,0.508,21.0
Junior Caminero,TBR,0.264,45,0.846,Jake Irvin,WSN,5.7,1.1,-3.0,1.0,0.189,0.123,0.038,0.004,0.085,0.518,21.0
Byron Buxton,MIN,0.264,35,0.878,Cristopher Sanchez,PHI,2.5,0.0,0.0,1.05,0.243,0.158,0.049,0.005,0.074,0.503,21.0
Michael Busch,CHC,0.261,34,0.866,Merrill Kelly,- - -,3.52,0.2,-0.5,1.12,0.241,0.157,0.048,0.005,0.074,0.505,21.0
Trent Grisham,NYY,0.235,34,0.811,Merrill Kelly,- - -,3.52,0.2,-0.5,1.15,0.223,0.145,0.045,0.004,0.076,0.523,21.0
Corbin Carroll,ARI,0.259,31,0.883,Zack Littell,- - -,3.81,1.4,-1.6,1.15,0.241,0.157,0.048,0.005,0.075,0.496,21.0
Corbin Carroll,ARI,0.259,31,0.883,Yoshinobu Yamamoto,LAD,2.49,0.0,0.0,1.15,0.261,0.169,0.052,0.005,0.072,0.49,21.0
George Springer,TOR,0.309,32,0.959,Zack Littell,- - -,3.81,1.4,-1.6,1.05,0.263,0.171,0.053,0.005,0.071,0.489,21.0
Shea Langeliers,ATH,0.277,31,0.861,Jacob deGrom,TEX,2.97,3.0,-1.9,1.0,0.236,0.153,0.047,0.005,0.076,0.492,20.9
Jazz Chisholm Jr.,NYY,0.242,31,0.813,Clay Holmes,NYM,3.53,1.3,-3.7,1.15,0.229,0.149,0.046,0.005,0.08,0.48,20.9
Eugenio Suarez,- - -,0.228,49,0.824,Andre Pallante,STL,5.31,0.9,-1.9,1.0,0.167,0.109,0.033,0.003,0.092,0.502,20.9
Pete Alonso,NYM,0.272,38,0.871,Jacob deGrom,TEX,2.97,3.0,-1.9,0.88,0.204,0.132,0.041,0.004,0.082,0.506,20.9
Byron Buxton,MIN,0.264,35,0.878,Clay Holmes,NYM,3.53,1.3,-3.7,1.05,0.228,0.148,0.046,0.005,0.083,0.463,20.9
Jazz Chisholm Jr.,NYY,0.242,31,0.813,Gavin Williams,CLE,3.06,0.9,1.0,1.15,0.236,0.153,0.047,0.005,0.074,0.509,20.9
Byron Buxton,MIN,0.264,35,0.878,Gavin Williams,CLE,3.06,0.9,1.0,1.05,0.235,0.153,0.047,0.005,0.076,0.493,20.9
Trent Grisham,NYY,0.235,34,0.811,Jeffrey Springs,ATH,4.11,2.2,-0.2,1.15,0.215,0.14,0.043,0.004,0.083,0.484,20.9
Eugenio Suarez,- - -,0.228,49,0.824,Dylan Cease,SDP,4.55,0.3,2.9,1.0,0.176,0.114,0.035,0.004,0.089,0.504,20.8
Michael Busch,CHC,0.261,34,0.866,Kevin Gausman,TOR,3.59,0.1,-0.5,1.12,0.24,0.156,0.048,0.005,0.073,0.5,20.8
George Springer,TOR,0.309,32,0.959,Merrill Kelly,- - -,3.52,0.2,-0.5,1.05,0.267,0.174,0.053,0.005,0.065,0.504,20.8
Trent Grisham,NYY,0.235,34,0.811,Kevin Gausman,TOR,3.59,0.1,-0.5,1.15,0.222,0.144,0.044,0.004,0.075,0.517,20.8
Michael Busch,CHC,0.261,34,0.866,Jeffrey Springs,ATH,4.11,2.2,-0.2,1.12,0.232,0.151,0.046,0.005,0.08,0.466,20.8
George Springer,TOR,0.309,32,0.959,Sonny Gray,STL,4.28,2.0,-0.5,1.05,0.255,0.166,0.051,0.005,0.07,0.496,20.8
Jazz Chisholm Jr.,NYY,0.242,31,0.813,Zack Littell,- - -,3.81,1.4,-1.6,1.15,0.225,0.146,0.045,0.005,0.075,0.508,20.8
Byron Buxton,MIN,0.264,35,0.878,Zack Littell,- - -,3.81,1.4,-1.6,1.05,0.224,0.146,0.045,0.004,0.078,0.491,20.8
Corbin Carroll,ARI,0.259,31,0.883,Sonny Gray,STL,4.28,2.0,-0.5,1.15,0.234,0.152,0.047,0.005,0.074,0.503,20.8
Brandon Lowe,TBR,0.256,31,0.785,Jacob deGrom,TEX,2.97,3.0,-1.9,1.0,0.218,0.142,0.044,0.004,0.076,0.513,20.8
Jazz Chisholm Jr.,NYY,0.242,31,0.813,Yoshinobu Yamamoto,LAD,2.49,0.0,0.0,1.15,0.244,0.158,0.049,0.005,0.072,0.502,20.8
Corbin Carroll,ARI,0.259,31,0.883,Merrill Kelly,- - -,3.52,0.2,-0.5,1.15,0.245,0.16,0.049,0.005,0.069,0.511,20.7
Rafael Devers,- - -,0.252,35,0.851,Paul Skenes,PIT,1.97,0.0,0.0,1.0,0.227,0.148,0.045,0.005,0.073,0.517,20.7
Trent Grisham,NYY,0.235,34,0.811,Tanner Bibee,CLE,4.24,1.3,-0.7,1.15,0.213,0.138,0.043,0.004,0.078,0.505,20.7
Michael Busch,CHC,0.261,34,0.866,Tanner Bibee,CLE,4.24,1.3,-0.7,1.12,0.23,0.15,0.046,0.005,0.076,0.487,20.7
Vinnie Pasquantino,KCR,0.264,32,0.798,Jacob deGrom,TEX,2.97,3.0,-1.9,1.0,0.225,0.146,0.045,0.004,0.079,0.48,20.7
Seiya Suzuki,CHC,0.245,32,0.804,Cristopher Sanchez,PHI,2.5,0.0,0.0,1.12,0.24,0.156,0.048,0.005,0.072,0.502,20.7
Byron Buxton,MIN,0.264,35,0.878,Yoshinobu Yamamoto,LAD,2.49,0.0,0.0,1.05,0.243,0.158,0.049,0.005,0.074,0.485,20.7
Pete Crow-Armstrong,CHC,0.247,31,0.768,Cristopher Sanchez,PHI,2.5,0.0,0.0,1.12,0.242,0.157,0.048,0.005,0.07,0.502,20.6
Jazz Chisholm Jr.,NYY,0.242,31,0.813,Sonny Gray,STL,4.28,2.0,-0.5,1.15,0.219,0.142,0.044,0.004,0.074,0.514,20.6
Eugenio Suarez,- - -,0.228,49,0.824,Zac Gallen,ARI,4.83,0.8,-0.7,1.0,0.173,0.112,0.035,0.003,0.092,0.476,20.6
Seiya Suzuki,CHC,0.245,32,0.804,Clay Holmes,NYM,3.53,1.3,-3.7,1.12,0.226,0.147,0.045,0.005,0.081,0.462,20.6
Eugenio Suarez,- - -,0.228,49,0.824,Jake Irvin,WSN,5.7,1.1,-3.0,1.0,0.163,0.106,0.033,0.003,0.093,0.485,20.6
Rafael Devers,- - -,0.252,35,0.851,Garrett Crochet,BOS,2.59,1.5,-0.2,1.0,0.219,0.143,0.044,0.004,0.077,0.493,20.6
George Springer,TOR,0.309,32,0.959,Kevin Gausman,TOR,3.59,0.1,-0.5,1.05,0.266,0.173,0.053,0.005,0.065,0.499,20.6
Seiya Suzuki,CHC,0.245,32,0.804,Gavin Williams,CLE,3.06,0.9,1.0,1.12,0.232,0.151,0.046,0.005,0.074,0.492,20.6
Shea Langeliers,ATH,0.277,31,0.861,Paul Skenes,PIT,1.97,0.0,0.0,1.0,0.25,0.162,0.05,0.005,0.064,0.528,20.6
Seiya Suzuki,CHC,0.245,32,0.804,Zack Littell,- - -,3.81,1.4,-1.6,1.12,0.222,0.144,0.044,0.004,0.076,0.49,20.5
Corbin Carroll,ARI,0.259,31,0.883,Jeffrey Springs,ATH,4.11,2.2,-0.2,1.15,0.237,0.154,0.047,0.005,0.075,0.472,20.5
Byron Buxton,MIN,0.264,35,0.878,Sonny Gray,STL,4.28,2.0,-0.5,1.05,0.218,0.142,0.044,0.004,0.076,0.498,20.5
Pete Alonso,NYM,0.272,38,0.871,Paul Skenes,PIT,1.97,0.0,0.0,0.88,0.216,0.14,0.043,0.004,0.069,0.543,20.5
Juan Soto,NYM,0.263,43,0.921,Clay Holmes,NYM,3.53,1.3,-3.7,0.88,0.191,0.124,0.038,0.004,0.085,0.481,20.5
Juan Soto,NYM,0.263,43,0.921,Cristopher Sanchez,PHI,2.5,0.0,0.0,0.88,0.203,0.132,0.041,0.004,0.076,0.521,20.5
Trent Grisham,NYY,0.235,34,0.811,Jesus Luzardo,PHI,3.92,0.0,0.0,1.15,0.217,0.141,0.043,0.004,0.072,0.52,20.5
Jazz Chisholm Jr.,NYY,0.242,31,0.813,Merrill Kelly,- - -,3.52,0.2,-0.5,1.15,0.229,0.149,0.046,0.005,0.069,0.523,20.5
George Springer,TOR,0.309,32,0.959,Jeffrey Springs,ATH,4.11,2.2,-0.2,1.05,0.258,0.168,0.052,0.005,0.071,0.466,20.5
Seiya Suzuki,CHC,0.245,32,0.804,Yoshinobu Yamamoto,LAD,2.49,0.0,0.0,1.12,0.24,0.156,0.048,0.005,0.072,0.484,20.5
Corbin Carroll,ARI,0.259,31,0.883,Kevin Gausman,TOR,3.59,0.1,-0.5,1.15,0.244,0.159,0.049,0.005,0.068,0.506,20.5
Rafael Devers,- - -,0.252,35,0.851,Tarik Skubal,DET,2.21,1.0,3.3,1.0,0.224,0.146,0.045,0.004,0.076,0.482,20.4
Pete Crow-Armstrong,CHC,0.247,31,0.768,Gavin Williams,CLE,3.06,0.9,1.0,1.12,0.234,0.152,0.047,0.005,0.072,0.492,20.4
Michael Busch,CHC,0.261,34,0.866,Jesus Luzardo,PHI,3.92,0.0,0.0,1.12,0.235,0.153,0.047,0.005,0.07,0.502,20.4
Byron Buxton,MIN,0.264,35,0.878,Merrill Kelly,- - -,3.52,0.2,-0.5,1.05,0.228,0.148,0.046,0.005,0.071,0.506,20.4
Brandon Lowe,TBR,0.256,31,0.785,Paul Skenes,PIT,1.97,0.0,0.0,1.0,0.231,0.15,0.046,0.005,0.064,0.55,20.4
Juan Soto,NYM,0.263,43,0.921,Gavin Williams,CLE,3.06,0.9,1.0,0.88,0.196,0.127,0.039,0.004,0.078,0.511,20.4
Pete Crow-Armstrong,CHC,0.247,31,0.768,Clay Holmes,NYM,3.53,1.3,-3.7,1.12,0.228,0.148,0.046,0.005,0.078,0.462,20.4
Pete Alonso,NYM,0.272,38,0.871,Garrett Crochet,BOS,2.59,1.5,-0.2,0.88,0.208,0.135,0.042,0.004,0.074,0.519,20.4
Shea Langeliers,ATH,0.277,31,0.861,Garrett Crochet,BOS,2.59,1.5,-0.2,1.0,0.241,0.157,0.048,0.005,0.069,0.504,20.4
Corbin Carroll,ARI,0.259,31,0.883,Tanner Bibee,CLE,4.24,1.3,-0.7,1.15,0.235,0.153,0.047,0.005,0.071,0.493,20.4
George Springer,TOR,0.309,32,0.959,Tanner Bibee,CLE,4.24,1.3,-0.7,1.05,0.256,0.166,0.051,0.005,0.067,0.486,20.4
Trent Grisham,NYY,0.235,34,0.811,Kyle Hendricks,LAA,4.76,1.4,-1.8,1.15,0.206,0.134,0.041,0.004,0.078,0.499,20.4
Michael Busch,CHC,0.261,34,0.866,Kyle Hendricks,LAA,4.76,1.4,-1.8,1.12,0.223,0.145,0.045,0.004,0.076,0.481,20.4
Jazz Chisholm Jr.,NYY,0.242,31,0.813,Jeffrey Springs,ATH,4.11,2.2,-0.2,1.15,0.221,0.144,0.044,0.004,0.075,0.484,20.3
Shea Langeliers,ATH,0.277,31,0.861,Tarik Skubal,DET,2.21,1.0,3.3,1.0,0.246,0.16,0.049,0.005,0.067,0.493,20.3
George Springer,TOR,0.309,32,0.959,Jesus Luzardo,PHI,3.92,0.0,0.0,1.05,0.261,0.17,0.052,0.005,0.062,0.502,20.3
James Wood,WSN,0.256,31,0.825,Jacob deGrom,TEX,2.97,3.0,-1.9,1.0,0.218,0.142,0.044,0.004,0.076,0.482,20.3
Pete Crow-Armstrong,CHC,0.247,31,0.768,Yoshinobu Yamamoto,LAD,2.49,0.0,0.0,1.12,0.242,0.157,0.048,0.005,0.07,0.484,20.3
Byron Buxton,MIN,0.264,35,0.878,Jeffrey Springs,ATH,4.11,2.2,-0.2,1.05,0.22,0.143,0.044,0.004,0.078,0.467,20.3
Pete Crow-Armstrong,CHC,0.247,31,0.768,Zack Littell,- - -,3.81,1.4,-1.6,1.12,0.224,0.146,0.045,0.004,0.074,0.49,20.3
Jazz Chisholm Jr.,NYY,0.242,31,0.813,Kevin Gausman,TOR,3.59,0.1,-0.5,1.15,0.228,0.148,0.046,0.005,0.068,0.517,20.3
Juan Soto,NYM,0.263,43,0.921,Zack Littell,- - -,3.81,1.4,-1.6,0.88,0.187,0.122,0.037,0.004,0.08,0.509,20.3
Brandon Lowe,TBR,0.256,31,0.785,Garrett Crochet,BOS,2.59,1.5,-0.2,1.0,0.223,0.145,0.045,0.004,0.069,0.525,20.3
Vinnie Pasquantino,KCR,0.264,32,0.798,Paul Skenes,PIT,1.97,0.0,0.0,1.0,0.238,0.155,0.048,0.005,0.066,0.517,20.3
Byron Buxton,MIN,0.264,35,0.878,Kevin Gausman,TOR,3.59,0.1,-0.5,1.05,0.227,0.148,0.045,0.005,0.071,0.501,20.3
Seiya Suzuki,CHC,0.245,32,0.804,Sonny Gray,STL,4.28,2.0,-0.5,1.12,0.216,0.14,0.043,0.004,0.074,0.497,20.3
Jo Adell,LAA,0.236,37,0.778,Jacob deGrom,TEX,2.97,3.0,-1.9,0.92,0.185,0.12,0.037,0.004,0.084,0.489,20.3
Michael Busch,CHC,0.261,34,0.866,Dylan Cease,SDP,4.55,0.3,2.9,1.12,0.226,0.147,0.045,0.005,0.069,0.511,20.2
Juan Soto,NYM,0.263,43,0.921,Yoshinobu Yamamoto,LAD,2.49,0.0,0.0,0.88,0.203,0.132,0.041,0.004,0.076,0.503,20.2
Seiya Suzuki,CHC,0.245,32,0.804,Merrill Kelly,- - -,3.52,0.2,-0.5,1.12,0.226,0.147,0.045,0.005,0.07,0.505,20.2
Jazz Chisholm Jr.,NYY,0.242,31,0.813,Tanner Bibee,CLE,4.24,1.3,-0.7,1.15,0.219,0.143,0.044,0.004,0.071,0.505,20.2
Trent Grisham,NYY,0.235,34,0.811,Andre Pallante,STL,5.31,0.9,-1.9,1.15,0.198,0.129,0.04,0.004,0.073,0.527,20.2
Corbin Carroll,ARI,0.259,31,0.883,Jesus Luzardo,PHI,3.92,0.0,0.0,1.15,0.239,0.156,0.048,0.005,0.066,0.508,20.2
Riley Greene,DET,0.258,36,0.806,Jacob deGrom,TEX,2.97,3.0,-1.9,0.9,0.198,0.129,0.04,0.004,0.08,0.487,20.2
Pete Alonso,NYM,0.272,38,0.871,Tarik Skubal,DET,2.21,1.0,3.3,0.88,0.213,0.138,0.043,0.004,0.073,0.508,20.2
Vinnie Pasquantino,KCR,0.264,32,0.798,Garrett Crochet,BOS,2.59,1.5,-0.2,1.0,0.23,0.149,0.046,0.005,0.071,0.493,20.2
Trent Grisham,NYY,0.235,34,0.811,Dylan Cease,SDP,4.55,0.3,2.9,1.15,0.209,0.136,0.042,0.004,0.071,0.529,20.2
Corbin Carroll,ARI,0.259,31,0.883,Kyle Hendricks,LAA,4.76,1.4,-1.8,1.15,0.227,0.148,0.045,0.005,0.071,0.487,20.1
Brandon Lowe,TBR,0.256,31,0.785,Tarik Skubal,DET,2.21,1.0,3.3,1.0,0.228,0.148,0.046,0.005,0.067,0.514,20.1
George Springer,TOR,0.309,32,0.959,Kyle Hendricks,LAA,4.76,1.4,-1.8,1.05,0.247,0.161,0.049,0.005,0.067,0.48,20.1
Byron Buxton,MIN,0.264,35,0.878,Tanner Bibee,CLE,4.24,1.3,-0.7,1.05,0.218,0.142,0.044,0.004,0.074,0.488,20.1
Pete Crow-Armstrong,CHC,0.247,31,0.768,Sonny Gray,STL,4.28,2.0,-0.5,1.12,0.217,0.141,0.043,0.004,0.072,0.497,20.1
Juan Soto,NYM,0.263,43,0.921,Sonny Gray,STL,4.28,2.0,-0.5,0.88,0.182,0.118,0.036,0.004,0.079,0.516,20.1
Vinnie Pasquantino,KCR,0.264,32,0.798,Tarik Skubal,DET,2.21,1.0,3.3,1.0,0.235,0.153,0.047,0.005,0.07,0.481,20.1
Michael Busch,CHC,0.261,34,0.866,Andre Pallante,STL,5.31,0.9,-1.9,1.12,0.215,0.14,0.043,0.004,0.071,0.509,20.1
Seiya Suzuki,CHC,0.245,32,0.804,Jeffrey Springs,ATH,4.11,2.2,-0.2,1.12,0.218,0.142,0.044,0.004,0.076,0.466,20.0
Jazz Chisholm Jr.,NYY,0.242,31,0.813,Jesus Luzardo,PHI,3.92,0.0,0.0,1.15,0.224,0.145,0.045,0.004,0.066,0.52,20.0
Pete Crow-Armstrong,CHC,0.247,31,0.768,Merrill Kelly,- - -,3.52,0.2,-0.5,1.12,0.228,0.148,0.046,0.005,0.067,0.505,20.0
Juan Soto,NYM,0.263,43,0.921,Merrill Kelly,- - -,3.52,0.2,-0.5,0.88,0.191,0.124,0.038,0.004,0.073,0.524,20.0
James Wood,WSN,0.256,31,0.825,Paul Skenes,PIT,1.97,0.0,0.0,1.0,0.231,0.15,0.046,0.005,0.064,0.519,20.0
Jose Ramirez,CLE,0.283,30,0.863,Jacob deGrom,TEX,2.97,3.0,-1.9,0.95,0.229,0.149,0.046,0.005,0.07,0.484,20.0
Trent Grisham,NYY,0.235,34,0.811,Zac Gallen,ARI,4.83,0.8,-0.7,1.15,0.205,0.133,0.041,0.004,0.073,0.501,20.0
Corbin Carroll,ARI,0.259,31,0.883,Dylan Cease,SDP,4.55,0.3,2.9,1.15,0.23,0.15,0.046,0.005,0.065,0.517,20.0
George Springer,TOR,0.309,32,0.959,Dylan Cease,SDP,4.55,0.3,2.9,1.05,0.251,0.163,0.05,0.005,0.061,0.511,20.0
Julio Rodriguez,SEA,0.267,32,0.798,Jacob deGrom,TEX,2.97,3.0,-1.9,0.92,0.209,0.136,0.042,0.004,0.072,0.501,20.0
Seiya Suzuki,CHC,0.245,32,0.804,Kevin Gausman,TOR,3.59,0.1,-0.5,1.12,0.225,0.146,0.045,0.005,0.069,0.5,20.0
Rafael Devers,- - -,0.252,35,0.851,Cristopher Sanchez,PHI,2.5,0.0,0.0,1.0,0.221,0.143,0.044,0.004,0.07,0.495,20.0
Juan Soto,NYM,0.263,43,0.921,Jeffrey Springs,ATH,4.11,2.2,-0.2,0.88,0.184,0.12,0.037,0.004,0.08,0.485,19.9
Byron Buxton,MIN,0.264,35,0.878,Jesus Luzardo,PHI,3.92,0.0,0.0,1.05,0.223,0.145,0.045,0.004,0.068,0.503,19.9
Shea Langeliers,ATH,0.277,31,0.861,Cristopher Sanchez,PHI,2.5,0.0,0.0,1.0,0.242,0.158,0.048,0.005,0.062,0.506,19.9
Michael Busch,CHC,0.261,34,0.866,Zac Gallen,ARI,4.83,0.8,-0.7,1.12,0.222,0.144,0.044,0.004,0.071,0.483,19.9
Corbin Carroll,ARI,0.259,31,0.883,Andre Pallante,STL,5.31,0.9,-1.9,1.15,0.219,0.142,0.044,0.004,0.067,0.515,19.9
George Springer,TOR,0.309,32,0.959,Andre Pallante,STL,5.31,0.9,-1.9,1.05,0.238,0.155,0.048,0.005,0.063,0.509,19.9
Rafael Devers,- - -,0.252,35,0.851,Clay Holmes,NYM,3.53,1.3,-3.7,1.0,0.208,0.135,0.042,0.004,0.079,0.455,19.9
Taylor Ward,LAA,0.228,36,0.792,Jacob deGrom,TEX,2.97,3.0,-1.9,0.92,0.179,0.116,0.036,0.004,0.081,0.489,19.9
Seiya Suzuki,CHC,0.245,32,0.804,Tanner Bibee,CLE,4.24,1.3,-0.7,1.12,0.216,0.141,0.043,0.004,0.072,0.487,19.9
Jazz Chisholm Jr.,NYY,0.242,31,0.813,Kyle Hendricks,LAA,4.76,1.4,-1.8,1.15,0.212,0.138,0.042,0.004,0.071,0.499,19.9
Trent Grisham,NYY,0.235,34,0.811,Jake Irvin,WSN,5.7,1.1,-3.0,1.15,0.193,0.126,0.039,0.004,0.074,0.51,19.9
Rafael Devers,- - -,0.252,35,0.851,Gavin Williams,CLE,3.06,0.9,1.0,1.0,0.213,0.139,0.043,0.004,0.072,0.485,19.8
Rafael Devers,- - -,0.252,35,0.851,Zack Littell,- - -,3.81,1.4,-1.6,1.0,0.204,0.133,0.041,0.004,0.074,0.483,19.8
Jazz Chisholm Jr.,NYY,0.242,31,0.813,Dylan Cease,SDP,4.55,0.3,2.9,1.15,0.215,0.14,0.043,0.004,0.065,0.529,19.8
Byron Buxton,MIN,0.264,35,0.878,Kyle Hendricks,LAA,4.76,1.4,-1.8,1.05,0.211,0.137,0.042,0.004,0.073,0.482,19.8
Pete Alonso,NYM,0.272,38,0.871,Cristopher Sanchez,PHI,2.5,0.0,0.0,0.88,0.209,0.136,0.042,0.004,0.067,0.521,19.8
Pete Crow-Armstrong,CHC,0.247,31,0.768,Jeffrey Springs,ATH,4.11,2.2,-0.2,1.12,0.22,0.143,0.044,0.004,0.073,0.466,19.8
Jose Ramirez,CLE,0.283,30,0.863,Paul Skenes,PIT,1.97,0.0,0.0,0.95,0.242,0.158,0.048,0.005,0.059,0.521,19.8
Juan Soto,NYM,0.263,43,0.921,Kevin Gausman,TOR,3.59,0.1,-0.5,0.88,0.19,0.123,0.038,0.004,0.073,0.519,19.8
James Wood,WSN,0.256,31,0.825,Garrett Crochet,BOS,2.59,1.5,-0.2,1.0,0.223,0.145,0.045,0.004,0.069,0.494,19.8
Pete Crow-Armstrong,CHC,0.247,31,0.768,Kevin Gausman,TOR,3.59,0.1,-0.5,1.12,0.227,0.148,0.045,0.005,0.067,0.5,19.8
Jo Adell,LAA,0.236,37,0.778,Garrett Crochet,BOS,2.59,1.5,-0.2,0.92,0.189,0.123,0.038,0.004,0.075,0.501,19.8
Michael Busch,CHC,0.261,34,0.866,Jake Irvin,WSN,5.7,1.1,-3.0,1.12,0.209,0.136,0.042,0.004,0.072,0.492,19.8
Brandon Lowe,TBR,0.256,31,0.785,Cristopher Sanchez,PHI,2.5,0.0,0.0,1.0,0.224,0.146,0.045,0.004,0.062,0.528,19.8
Riley Greene,DET,0.258,36,0.806,Paul Skenes,PIT,1.97,0.0,0.0,0.9,0.209,0.136,0.042,0.004,0.067,0.523,19.8
Jo Adell,LAA,0.236,37,0.778,Paul Skenes,PIT,1.97,0.0,0.0,0.92,0.196,0.127,0.039,0.004,0.071,0.525,19.8
Riley Greene,DET,0.258,36,0.806,Garrett Crochet,BOS,2.59,1.5,-0.2,0.9,0.202,0.131,0.04,0.004,0.072,0.499,19.7
Byron Buxton,MIN,0.264,35,0.878,Dylan Cease,SDP,4.55,0.3,2.9,1.05,0.214,0.139,0.043,0.004,0.067,0.512,19.7
Seiya Suzuki,CHC,0.245,32,0.804,Jesus Luzardo,PHI,3.92,0.0,0.0,1.12,0.221,0.143,0.044,0.004,0.066,0.502,19.7
George Springer,TOR,0.309,32,0.959,Zac Gallen,ARI,4.83,0.8,-0.7,1.05,0.246,0.16,0.049,0.005,0.063,0.482,19.7
Pete Alonso,NYM,0.272,38,0.871,Clay Holmes,NYM,3.53,1.3,-3.7,0.88,0.197,0.128,0.039,0.004,0.075,0.481,19.7
Shea Langeliers,ATH,0.277,31,0.861,Clay Holmes,NYM,3.53,1.3,-3.7,1.0,0.228,0.148,0.046,0.005,0.07,0.466,19.7
Shea Langeliers,ATH,0.277,31,0.861,Gavin Williams,CLE,3.06,0.9,1.0,1.0,0.235,0.153,0.047,0.005,0.064,0.496,19.7
Jazz Chisholm Jr.,NYY,0.242,31,0.813,Andre Pallante,STL,5.31,0.9,-1.9,1.15,0.204,0.133,0.041,0.004,0.067,0.527,19.7
James Wood,WSN,0.256,31,0.825,Tarik Skubal,DET,2.21,1.0,3.3,1.0,0.228,0.148,0.046,0.005,0.067,0.483,19.7
Rafael Devers,- - -,0.252,35,0.851,Yoshinobu Yamamoto,LAD,2.49,0.0,0.0,1.0,0.221,0.143,0.044,0.004,0.07,0.477,19.7
Corbin Carroll,ARI,0.259,31,0.883,Zac Gallen,ARI,4.83,0.8,-0.7,1.15,0.226,0.147,0.045,0.005,0.067,0.489,19.7
Julio Rodriguez,SEA,0.267,32,0.798,Paul Skenes,PIT,1.97,0.0,0.0,0.92,0.221,0.144,0.044,0.004,0.061,0.538,19.7
Pete Crow-Armstrong,CHC,0.247,31,0.768,Tanner Bibee,CLE,4.24,1.3,-0.7,1.12,0.218,0.142,0.044,0.004,0.07,0.487,19.7
Juan Soto,NYM,0.263,43,0.921,Tanner Bibee,CLE,4.24,1.3,-0.7,0.88,0.182,0.119,0.036,0.004,0.076,0.506,19.7
Rafael Devers,- - -,0.252,35,0.851,Sonny Gray,STL,4.28,2.0,-0.5,1.0,0.198,0.129,0.04,0.004,0.073,0.49,19.6
Pete Alonso,NYM,0.272,38,0.871,Zack Littell,- - -,3.81,1.4,-1.6,0.88,0.194,0.126,0.039,0.004,0.071,0.509,19.6
Brandon Lowe,TBR,0.256,31,0.785,Gavin Williams,CLE,3.06,0.9,1.0,1.0,0.217,0.141,0.043,0.004,0.064,0.517,19.6
Brandon Lowe,TBR,0.256,31,0.785,Clay Holmes,NYM,3.53,1.3,-3.7,1.0,0.211,0.137,0.042,0.004,0.07,0.488,19.6
Seiya Suzuki,CHC,0.245,32,0.804,Kyle Hendricks,LAA,4.76,1.4,-1.8,1.12,0.209,0.136,0.042,0.004,0.071,0.481,19.6
Jose Ramirez,CLE,0.283,30,0.863,Garrett Crochet,BOS,2.59,1.5,-0.2,0.95,0.234,0.152,0.047,0.005,0.063,0.496,19.6
Vinnie Pasquantino,KCR,0.264,32,0.798,Cristopher Sanchez,PHI,2.5,0.0,0.0,1.0,0.231,0.15,0.046,0.005,0.064,0.495,19.6
Jo Adell,LAA,0.236,37,0.778,Tarik Skubal,DET,2.21,1.0,3.3,0.92,0.193,0.126,0.039,0.004,0.074,0.49,19.6
Pete Alonso,NYM,0.272,38,0.871,Gavin Williams,CLE,3.06,0.9,1.0,0.88,0.203,0.132,0.041,0.004,0.069,0.511,19.6
Byron Buxton,MIN,0.264,35,0.878,Andre Pallante,STL,5.31,0.9,-1.9,1.05,0.204,0.132,0.041,0.004,0.069,0.51,19.6
Shea Langeliers,ATH,0.277,31,0.861,Yoshinobu Yamamoto,LAD,2.49,0.0,0.0,1.0,0.243,0.158,0.049,0.005,0.062,0.488,19.6
Shea Langeliers,ATH,0.277,31,0.861,Zack Littell,- - -,3.81,1.4,-1.6,1.0,0.224,0.146,0.045,0.004,0.066,0.494,19.6
Julio Rodriguez,SEA,0.267,32,0.798,Garrett Crochet,BOS,2.59,1.5,-0.2,0.92,0.214,0.139,0.043,0.004,0.065,0.513,19.6
Vinnie Pasquantino,KCR,0.264,32,0.798,Gavin Williams,CLE,3.06,0.9,1.0,1.0,0.224,0.145,0.045,0.004,0.066,0.485,19.5
George Springer,TOR,0.309,32,0.959,Jake Irvin,WSN,5.7,1.1,-3.0,1.05,0.232,0.151,0.046,0.005,0.064,0.492,19.5
Riley Greene,DET,0.258,36,0.806,Tarik Skubal,DET,2.21,1.0,3.3,0.9,0.207,0.134,0.041,0.004,0.07,0.488,19.5
Juan Soto,NYM,0.263,43,0.921,Jesus Luzardo,PHI,3.92,0.0,0.0,0.88,0.186,0.121,0.037,0.004,0.07,0.521,19.5
Brandon Lowe,TBR,0.256,31,0.785,Yoshinobu Yamamoto,LAD,2.49,0.0,0.0,1.0,0.224,0.146,0.045,0.004,0.062,0.51,19.5
Jazz Chisholm Jr.,NYY,0.242,31,0.813,Zac Gallen,ARI,4.83,0.8,-0.7,1.15,0.211,0.137,0.042,0.004,0.067,0.501,19.5
Pete Alonso,NYM,0.272,38,0.871,Yoshinobu Yamamoto,LAD,2.49,0.0,0.0,0.88,0.21,0.136,0.042,0.004,0.067,0.503,19.5
Pete Crow-Armstrong,CHC,0.247,31,0.768,Jesus Luzardo,PHI,3.92,0.0,0.0,1.12,0.222,0.145,0.044,0.004,0.064,0.502,19.5
Taylor Ward,LAA,0.228,36,0.792,Paul Skenes,PIT,1.97,0.0,0.0,0.92,0.189,0.123,0.038,0.004,0.069,0.525,19.5
Corbin Carroll,ARI,0.259,31,0.883,Jake Irvin,WSN,5.7,1.1,-3.0,1.15,0.213,0.138,0.043,0.004,0.067,0.498,19.5
Brandon Lowe,TBR,0.256,31,0.785,Zack Littell,- - -,3.81,1.4,-1.6,1.0,0.207,0.135,0.041,0.004,0.066,0.516,19.5
Seiya Suzuki,CHC,0.245,32,0.804,Dylan Cease,SDP,4.55,0.3,2.9,1.12,0.212,0.138,0.042,0.004,0.065,0.511,19.5
Juan Soto,NYM,0.263,43,0.921,Kyle Hendricks,LAA,4.76,1.4,-1.8,0.88,0.176,0.115,0.035,0.004,0.075,0.5,19.5
Jose Ramirez,CLE,0.283,30,0.863,Tarik Skubal,DET,2.21,1.0,3.3,0.95,0.239,0.155,0.048,0.005,0.062,0.485,19.5
Rafael Devers,- - -,0.252,35,0.851,Merrill Kelly,- - -,3.52,0.2,-0.5,1.0,0.208,0.135,0.042,0.004,0.068,0.498,19.5
Pete Crow-Armstrong,CHC,0.247,31,0.768,Kyle Hendricks,LAA,4.76,1.4,-1.8,1.12,0.211,0.137,0.042,0.004,0.069,0.481,19.4
Shea Langeliers,ATH,0.277,31,0.861,Sonny Gray,STL,4.28,2.0,-0.5,1.0,0.218,0.142,0.044,0.004,0.064,0.501,19.4
Pete Alonso,NYM,0.272,38,0.871,Sonny Gray,STL,4.28,2.0,-0.5,0.88,0.188,0.122,0.038,0.004,0.069,0.516,19.4
Byron Buxton,MIN,0.264,35,0.878,Zac Gallen,ARI,4.83,0.8,-0.7,1.05,0.21,0.137,0.042,0.004,0.069,0.484,19.4
Vinnie Pasquantino,KCR,0.264,32,0.798,Yoshinobu Yamamoto,LAD,2.49,0.0,0.0,1.0,0.231,0.15,0.046,0.005,0.064,0.477,19.4
Julio Rodriguez,SEA,0.267,32,0.798,Tarik Skubal,DET,2.21,1.0,3.3,0.92,0.218,0.142,0.044,0.004,0.064,0.502,19.4
Vinnie Pasquantino,KCR,0.264,32,0.798,Clay Holmes,NYM,3.53,1.3,-3.7,1.0,0.217,0.141,0.043,0.004,0.072,0.455,19.4
Jazz Chisholm Jr.,NYY,0.242,31,0.813,Jake Irvin,WSN,5.7,1.1,-3.0,1.15,0.199,0.129,0.04,0.004,0.067,0.51,19.4
Seiya Suzuki,CHC,0.245,32,0.804,Andre Pallante,STL,5.31,0.9,-1.9,1.12,0.202,0.131,0.04,0.004,0.067,0.509,19.4
Shea Langeliers,ATH,0.277,31,0.861,Merrill Kelly,- - -,3.52,0.2,-0.5,1.0,0.228,0.148,0.046,0.005,0.06,0.509,19.4
Taylor Ward,LAA,0.228,36,0.792,Garrett Crochet,BOS,2.59,1.5,-0.2,0.92,0.183,0.119,0.037,0.004,0.073,0.501,19.4
Vinnie Pasquantino,KCR,0.264,32,0.798,Zack Littell,- - -,3.81,1.4,-1.6,1.0,0.214,0.139,0.043,0.004,0.068,0.483,19.4
Pete Crow-Armstrong,CHC,0.247,31,0.768,Dylan Cease,SDP,4.55,0.3,2.9,1.12,0.214,0.139,0.043,0.004,0.063,0.511,19.3
Brandon Lowe,TBR,0.256,31,0.785,Sonny Gray,STL,4.28,2.0,-0.5,1.0,0.201,0.131,0.04,0.004,0.064,0.522,19.3
Francisco Lindor,NYM,0.267,31,0.811,Jacob deGrom,TEX,2.97,3.0,-1.9,0.88,0.2,0.13,0.04,0.004,0.067,0.506,19.3
Rafael Devers,- - -,0.252,35,0.851,Kevin Gausman,TOR,3.59,0.1,-0.5,1.0,0.207,0.134,0.041,0.004,0.067,0.493,19.3
Juan Soto,NYM,0.263,43,0.921,Dylan Cease,SDP,4.55,0.3,2.9,0.88,0.179,0.116,0.036,0.004,0.069,0.53,19.3
Pete Alonso,NYM,0.272,38,0.871,Merrill Kelly,- - -,3.52,0.2,-0.5,0.88,0.197,0.128,0.039,0.004,0.065,0.524,19.3
Byron Buxton,MIN,0.264,35,0.878,Jake Irvin,WSN,5.7,1.1,-3.0,1.05,0.198,0.129,0.04,0.004,0.07,0.493,19.3
Willy Adames,SFG,0.225,30,0.74,Jacob deGrom,TEX,2.97,3.0,-1.9,1.0,0.192,0.125,0.038,0.004,0.074,0.473,19.3
Juan Soto,NYM,0.263,43,0.921,Andre Pallante,STL,5.31,0.9,-1.9,0.88,0.17,0.11,0.034,0.003,0.071,0.529,19.3
Rafael Devers,- - -,0.252,35,0.851,Jeffrey Springs,ATH,4.11,2.2,-0.2,1.0,0.2,0.13,0.04,0.004,0.074,0.459,19.3
James Wood,WSN,0.256,31,0.825,Cristopher Sanchez,PHI,2.5,0.0,0.0,1.0,0.224,0.146,0.045,0.004,0.062,0.497,19.3
Seiya Suzuki,CHC,0.245,32,0.804,Zac Gallen,ARI,4.83,0.8,-0.7,1.12,0.208,0.135,0.042,0.004,0.067,0.483,19.2
Shea Langeliers,ATH,0.277,31,0.861,Kevin Gausman,TOR,3.59,0.1,-0.5,1.0,0.227,0.148,0.045,0.005,0.06,0.504,19.2
Jo Adell,LAA,0.236,37,0.778,Cristopher Sanchez,PHI,2.5,0.0,0.0,0.92,0.19,0.123,0.038,0.004,0.069,0.503,19.2
Rafael Devers,- - -,0.252,35,0.851,Tanner Bibee,CLE,4.24,1.3,-0.7,1.0,0.199,0.129,0.04,0.004,0.07,0.48,19.2
Vinnie Pasquantino,KCR,0.264,32,0.798,Sonny Gray,STL,4.28,2.0,-0.5,1.0,0.208,0.135,0.042,0.004,0.066,0.49,19.2
Brandon Lowe,TBR,0.256,31,0.785,Merrill Kelly,- - -,3.52,0.2,-0.5,1.0,0.211,0.137,0.042,0.004,0.06,0.531,19.2
Pete Crow-Armstrong,CHC,0.247,31,0.768,Andre Pallante,STL,5.31,0.9,-1.9,1.12,0.203,0.132,0.041,0.004,0.065,0.509,19.2
Taylor Ward,LAA,0.228,36,0.792,Tarik Skubal,DET,2.21,1.0,3.3,0.92,0.187,0.121,0.037,0.004,0.072,0.49,19.2
Shea Langeliers,ATH,0.277,31,0.861,Jeffrey Springs,ATH,4.11,2.2,-0.2,1.0,0.22,0.143,0.044,0.004,0.065,0.47,19.1
James Wood,WSN,0.256,31,0.825,Gavin Williams,CLE,3.06,0.9,1.0,1.0,0.217,0.141,0.043,0.004,0.064,0.486,19.1
Jose Ramirez,CLE,0.283,30,0.863,Cristopher Sanchez,PHI,2.5,0.0,0.0,0.95,0.235,0.153,0.047,0.005,0.057,0.499,19.1
Brandon Lowe,TBR,0.256,31,0.785,Kevin Gausman,TOR,3.59,0.1,-0.5,1.0,0.21,0.137,0.042,0.004,0.06,0.525,19.1
Seiya Suzuki,CHC,0.245,32,0.804,Jake Irvin,WSN,5.7,1.1,-3.0,1.12,0.196,0.128,0.039,0.004,0.068,0.492,19.1
Pete Alonso,NYM,0.272,38,0.871,Kevin Gausman,TOR,3.59,0.1,-0.5,0.88,0.196,0.128,0.039,0.004,0.064,0.519,19.1
Vinnie Pasquantino,KCR,0.264,32,0.798,Merrill Kelly,- - -,3.52,0.2,-0.5,1.0,0.218,0.141,0.044,0.004,0.062,0.498,19.1
Francisco Lindor,NYM,0.267,31,0.811,Paul Skenes,PIT,1.97,0.0,0.0,0.88,0.212,0.138,0.042,0.004,0.057,0.543,19.1
Jo Adell,LAA,0.236,37,0.778,Clay Holmes,NYM,3.53,1.3,-3.7,0.92,0.179,0.116,0.036,0.004,0.076,0.463,19.1
Pete Alonso,NYM,0.272,38,0.871,Jeffrey Springs,ATH,4.11,2.2,-0.2,0.88,0.19,0.124,0.038,0.004,0.071,0.485,19.1
Riley Greene,DET,0.258,36,0.806,Cristopher Sanchez,PHI,2.5,0.0,0.0,0.9,0.203,0.132,0.041,0.004,0.065,0.502,19.1
James Wood,WSN,0.256,31,0.825,Clay Holmes,NYM,3.53,1.3,-3.7,1.0,0.211,0.137,0.042,0.004,0.07,0.457,19.1
Jo Adell,LAA,0.236,37,0.778,Gavin Williams,CLE,3.06,0.9,1.0,0.92,0.184,0.12,0.037,0.004,0.07,0.493,19.0
Jo Adell,LAA,0.236,37,0.778,Zack Littell,- - -,3.81,1.4,-1.6,0.92,0.176,0.114,0.035,0.004,0.072,0.491,19.0
Shea Langeliers,ATH,0.277,31,0.861,Tanner Bibee,CLE,4.24,1.3,-0.7,1.0,0.218,0.142,0.044,0.004,0.062,0.491,19.0
Riley Greene,DET,0.258,36,0.806,Clay Holmes,NYM,3.53,1.3,-3.7,0.9,0.191,0.124,0.038,0.004,0.073,0.461,19.0
Juan Soto,NYM,0.263,43,0.921,Jake Irvin,WSN,5.7,1.1,-3.0,0.88,0.165,0.108,0.033,0.003,0.072,0.512,19.0
Brandon Lowe,TBR,0.256,31,0.785,Jeffrey Springs,ATH,4.11,2.2,-0.2,1.0,0.203,0.132,0.041,0.004,0.065,0.492,19.0
James Wood,WSN,0.256,31,0.825,Yoshinobu Yamamoto,LAD,2.49,0.0,0.0,1.0,0.224,0.146,0.045,0.004,0.062,0.479,19.0
James Wood,WSN,0.256,31,0.825,Zack Littell,- - -,3.81,1.4,-1.6,1.0,0.207,0.135,0.041,0.004,0.066,0.484,19.0
Julio Rodriguez,SEA,0.267,32,0.798,Cristopher Sanchez,PHI,2.5,0.0,0.0,0.92,0.215,0.14,0.043,0.004,0.059,0.516,19.0
Riley Greene,DET,0.258,36,0.806,Gavin Williams,CLE,3.06,0.9,1.0,0.9,0.197,0.128,0.039,0.004,0.067,0.491,19.0
Rafael Devers,- - -,0.252,35,0.851,Jesus Luzardo,PHI,3.92,0.0,0.0,1.0,0.203,0.132,0.041,0.004,0.065,0.495,19.0
Juan Soto,NYM,0.263,43,0.921,Zac Gallen,ARI,4.83,0.8,-0.7,0.88,0.176,0.114,0.035,0.004,0.071,0.502,19.0
Pete Crow-Armstrong,CHC,0.247,31,0.768,Zac Gallen,ARI,4.83,0.8,-0.7,1.12,0.21,0.136,0.042,0.004,0.065,0.483,19.0
Pete Alonso,NYM,0.272,38,0.871,Tanner Bibee,CLE,4.24,1.3,-0.7,0.88,0.189,0.123,0.038,0.004,0.067,0.506,19.0
Willy Adames,SFG,0.225,30,0.74,Paul Skenes,PIT,1.97,0.0,0.0,1.0,0.203,0.132,0.041,0.004,0.062,0.51,18.9
Francisco Lindor,NYM,0.267,31,0.811,Garrett Crochet,BOS,2.59,1.5,-0.2,0.88,0.205,0.133,0.041,0.004,0.06,0.519,18.9
Jo Adell,LAA,0.236,37,0.778,Yoshinobu Yamamoto,LAD,2.49,0.0,0.0,0.92,0.19,0.124,0.038,0.004,0.069,0.485,18.9
Pete Crow-Armstrong,CHC,0.247,31,0.768,Jake Irvin,WSN,5.7,1.1,-3.0,1.12,0.198,0.129,0.04,0.004,0.066,0.492,18.9
Vinnie Pasquantino,KCR,0.264,32,0.798,Kevin Gausman,TOR,3.59,0.1,-0.5,1.0,0.217,0.141,0.043,0.004,0.061,0.493,18.9
Rafael Devers,- - -,0.252,35,0.851,Kyle Hendricks,LAA,4.76,1.4,-1.8,1.0,0.192,0.125,0.038,0.004,0.07,0.474,18.9
Vinnie Pasquantino,KCR,0.264,32,0.798,Jeffrey Springs,ATH,4.11,2.2,-0.2,1.0,0.21,0.136,0.042,0.004,0.068,0.459,18.9
Julio Rodriguez,SEA,0.267,32,0.798,Gavin Williams,CLE,3.06,0.9,1.0,0.92,0.208,0.135,0.042,0.004,0.061,0.505,18.9
Brandon Lowe,TBR,0.256,31,0.785,Tanner Bibee,CLE,4.24,1.3,-0.7,1.0,0.202,0.131,0.04,0.004,0.062,0.513,18.9
Riley Greene,DET,0.258,36,0.806,Zack Littell,- - -,3.81,1.4,-1.6,0.9,0.188,0.122,0.038,0.004,0.069,0.489,18.9
Shea Langeliers,ATH,0.277,31,0.861,Jesus Luzardo,PHI,3.92,0.0,0.0,1.0,0.223,0.145,0.045,0.004,0.057,0.506,18.9
Riley Greene,DET,0.258,36,0.806,Yoshinobu Yamamoto,LAD,2.49,0.0,0.0,0.9,0.203,0.132,0.041,0.004,0.065,0.483,18.9
Jose Ramirez,CLE,0.283,30,0.863,Gavin Williams,CLE,3.06,0.9,1.0,0.95,0.228,0.148,0.046,0.005,0.059,0.488,18.9
Brandon Lowe,TBR,0.256,31,0.785,Jesus Luzardo,PHI,3.92,0.0,0.0,1.0,0.206,0.134,0.041,0.004,0.057,0.528,18.8
Francisco Lindor,NYM,0.267,31,0.811,Tarik Skubal,DET,2.21,1.0,3.3,0.88,0.209,0.136,0.042,0.004,0.059,0.508,18.8
Pete Alonso,NYM,0.272,38,0.871,Jesus Luzardo,PHI,3.92,0.0,0.0,0.88,0.192,0.125,0.038,0.004,0.062,0.521,18.8
Vinnie Pasquantino,KCR,0.264,32,0.798,Tanner Bibee,CLE,4.24,1.3,-0.7,1.0,0.208,0.135,0.042,0.004,0.064,0.48,18.8
Rafael Devers,- - -,0.252,35,0.851,Dylan Cease,SDP,4.55,0.3,2.9,1.0,0.195,0.127,0.039,0.004,0.063,0.504,18.8
Julio Rodriguez,SEA,0.267,32,0.798,Zack Littell,- - -,3.81,1.4,-1.6,0.92,0.199,0.129,0.04,0.004,0.062,0.503,18.8
Willy Adames,SFG,0.225,30,0.74,Garrett Crochet,BOS,2.59,1.5,-0.2,1.0,0.196,0.127,0.039,0.004,0.066,0.486,18.8
Jose Ramirez,CLE,0.283,30,0.863,Zack Littell,- - -,3.81,1.4,-1.6,0.95,0.218,0.141,0.044,0.004,0.06,0.487,18.8
Julio Rodriguez,SEA,0.267,32,0.798,Clay Holmes,NYM,3.53,1.3,-3.7,0.92,0.202,0.131,0.04,0.004,0.066,0.476,18.8
Jo Adell,LAA,0.236,37,0.778,Sonny Gray,STL,4.28,2.0,-0.5,0.92,0.171,0.111,0.034,0.003,0.071,0.498,18.8
James Wood,WSN,0.256,31,0.825,Sonny Gray,STL,4.28,2.0,-0.5,1.0,0.201,0.131,0.04,0.004,0.064,0.491,18.8
James Wood,WSN,0.256,31,0.825,Merrill Kelly,- - -,3.52,0.2,-0.5,1.0,0.211,0.137,0.042,0.004,0.06,0.5,18.8
Jose Ramirez,CLE,0.283,30,0.863,Clay Holmes,NYM,3.53,1.3,-3.7,0.95,0.221,0.144,0.044,0.004,0.064,0.459,18.8
Spencer Torkelson,DET,0.24,31,0.789,Jacob deGrom,TEX,2.97,3.0,-1.9,0.9,0.184,0.12,0.037,0.004,0.069,0.487,18.8
Taylor Ward,LAA,0.228,36,0.792,Cristopher Sanchez,PHI,2.5,0.0,0.0,0.92,0.184,0.119,0.037,0.004,0.067,0.503,18.8
Julio Rodriguez,SEA,0.267,32,0.798,Yoshinobu Yamamoto,LAD,2.49,0.0,0.0,0.92,0.215,0.14,0.043,0.004,0.059,0.498,18.8
Jose Ramirez,CLE,0.283,30,0.863,Yoshinobu Yamamoto,LAD,2.49,0.0,0.0,0.95,0.235,0.153,0.047,0.005,0.057,0.481,18.8
Taylor Ward,LAA,0.228,36,0.792,Clay Holmes,NYM,3.53,1.3,-3.7,0.92,0.173,0.112,0.035,0.003,0.074,0.463,18.7
Pete Alonso,NYM,0.272,38,0.871,Kyle Hendricks,LAA,4.76,1.4,-1.8,0.88,0.182,0.119,0.036,0.004,0.067,0.5,18.7
Brandon Lowe,TBR,0.256,31,0.785,Kyle Hendricks,LAA,4.76,1.4,-1.8,1.0,0.195,0.127,0.039,0.004,0.062,0.507,18.7
Shea Langeliers,ATH,0.277,31,0.861,Dylan Cease,SDP,4.55,0.3,2.9,1.0,0.214,0.139,0.043,0.004,0.056,0.516,18.7
Taylor Ward,LAA,0.228,36,0.792,Gavin Williams,CLE,3.06,0.9,1.0,0.92,0.178,0.115,0.036,0.004,0.069,0.493,18.7
Jo Adell,LAA,0.236,37,0.778,Merrill Kelly,- - -,3.52,0.2,-0.5,0.92,0.179,0.116,0.036,0.004,0.066,0.506,18.7
Riley Greene,DET,0.258,36,0.806,Sonny Gray,STL,4.28,2.0,-0.5,0.9,0.183,0.119,0.037,0.004,0.067,0.496,18.7
Rafael Devers,- - -,0.252,35,0.851,Andre Pallante,STL,5.31,0.9,-1.9,1.0,0.185,0.12,0.037,0.004,0.065,0.502,18.7
Shea Langeliers,ATH,0.277,31,0.861,Kyle Hendricks,LAA,4.76,1.4,-1.8,1.0,0.211,0.137,0.042,0.004,0.062,0.485,18.7
James Wood,WSN,0.256,31,0.825,Kevin Gausman,TOR,3.59,0.1,-0.5,1.0,0.21,0.137,0.042,0.004,0.06,0.494,18.6
Vinnie Pasquantino,KCR,0.264,32,0.798,Jesus Luzardo,PHI,3.92,0.0,0.0,1.0,0.212,0.138,0.042,0.004,0.059,0.495,18.6
Riley Greene,DET,0.258,36,0.806,Merrill Kelly,- - -,3.52,0.2,-0.5,0.9,0.191,0.124,0.038,0.004,0.063,0.504,18.6
Taylor Ward,LAA,0.228,36,0.792,Zack Littell,- - -,3.81,1.4,-1.6,0.92,0.17,0.11,0.034,0.003,0.07,0.491,18.6
Jose Ramirez,CLE,0.283,30,0.863,Merrill Kelly,- - -,3.52,0.2,-0.5,0.95,0.222,0.144,0.044,0.004,0.055,0.502,18.6
Julio Rodriguez,SEA,0.267,32,0.798,Sonny Gray,STL,4.28,2.0,-0.5,0.92,0.193,0.125,0.039,0.004,0.061,0.51,18.6
Shea Langeliers,ATH,0.277,31,0.861,Andre Pallante,STL,5.31,0.9,-1.9,1.0,0.203,0.132,0.041,0.004,0.058,0.514,18.6
Willy Adames,SFG,0.225,30,0.74,Tarik Skubal,DET,2.21,1.0,3.3,1.0,0.2,0.13,0.04,0.004,0.065,0.474,18.6
Pete Alonso,NYM,0.272,38,0.871,Dylan Cease,SDP,4.55,0.3,2.9,0.88,0.185,0.12,0.037,0.004,0.061,0.53,18.6
Brandon Lowe,TBR,0.256,31,0.785,Dylan Cease,SDP,4.55,0.3,2.9,1.0,0.198,0.129,0.04,0.004,0.056,0.537,18.6
Pete Alonso,NYM,0.272,38,0.871,Andre Pallante,STL,5.31,0.9,-1.9,0.88,0.176,0.114,0.035,0.004,0.063,0.529,18.6
Jose Ramirez,CLE,0.283,30,0.863,Sonny Gray,STL,4.28,2.0,-0.5,0.95,0.211,0.137,0.042,0.004,0.059,0.493,18.6
Taylor Ward,LAA,0.228,36,0.792,Yoshinobu Yamamoto,LAD,2.49,0.0,0.0,0.92,0.184,0.119,0.037,0.004,0.067,0.485,18.5
Taylor Ward,LAA,0.228,36,0.792,Sonny Gray,STL,4.28,2.0,-0.5,0.92,0.165,0.107,0.033,0.003,0.069,0.498,18.5
Spencer Torkelson,DET,0.24,31,0.789,Paul Skenes,PIT,1.97,0.0,0.0,0.9,0.195,0.127,0.039,0.004,0.058,0.523,18.5
James Wood,WSN,0.256,31,0.825,Jeffrey Springs,ATH,4.11,2.2,-0.2,1.0,0.203,0.132,0.041,0.004,0.065,0.461,18.5
Vinnie Pasquantino,KCR,0.264,32,0.798,Dylan Cease,SDP,4.55,0.3,2.9,1.0,0.204,0.133,0.041,0.004,0.058,0.504,18.5
Jo Adell,LAA,0.236,37,0.778,Jeffrey Springs,ATH,4.11,2.2,-0.2,0.92,0.173,0.112,0.035,0.003,0.072,0.468,18.5
Rafael Devers,- - -,0.252,35,0.851,Zac Gallen,ARI,4.83,0.8,-0.7,1.0,0.191,0.124,0.038,0.004,0.066,0.476,18.5
James Wood,WSN,0.256,31,0.825,Tanner Bibee,CLE,4.24,1.3,-0.7,1.0,0.202,0.131,0.04,0.004,0.062,0.482,18.5
Brandon Lowe,TBR,0.256,31,0.785,Andre Pallante,STL,5.31,0.9,-1.9,1.0,0.188,0.122,0.038,0.004,0.058,0.535,18.5
Vinnie Pasquantino,KCR,0.264,32,0.798,Kyle Hendricks,LAA,4.76,1.4,-1.8,1.0,0.201,0.131,0.04,0.004,0.064,0.474,18.5
Jo Adell,LAA,0.236,37,0.778,Kevin Gausman,TOR,3.59,0.1,-0.5,0.92,0.178,0.116,0.036,0.004,0.065,0.501,18.5
Riley Greene,DET,0.258,36,0.806,Kevin Gausman,TOR,3.59,0.1,-0.5,0.9,0.191,0.124,0.038,0.004,0.062,0.499,18.5
Julio Rodriguez,SEA,0.267,32,0.798,Merrill Kelly,- - -,3.52,0.2,-0.5,0.92,0.202,0.132,0.04,0.004,0.057,0.519,18.5
Rafael Devers,- - -,0.252,35,0.851,Jake Irvin,WSN,5.7,1.1,-3.0,1.0,0.18,0.117,0.036,0.004,0.066,0.485,18.4
Vinnie Pasquantino,KCR,0.264,32,0.798,Andre Pallante,STL,5.31,0.9,-1.9,1.0,0.194,0.126,0.039,0.004,0.06,0.502,18.4
Riley Greene,DET,0.258,36,0.806,Tanner Bibee,CLE,4.24,1.3,-0.7,0.9,0.183,0.119,0.037,0.004,0.065,0.486,18.4
Shea Langeliers,ATH,0.277,31,0.861,Zac Gallen,ARI,4.83,0.8,-0.7,1.0,0.21,0.137,0.042,0.004,0.058,0.487,18.4
Julio Rodriguez,SEA,0.267,32,0.798,Kevin Gausman,TOR,3.59,0.1,-0.5,0.92,0.202,0.131,0.04,0.004,0.057,0.513,18.4
Jo Adell,LAA,0.236,37,0.778,Tanner Bibee,CLE,4.24,1.3,-0.7,0.92,0.171,0.111,0.034,0.003,0.068,0.488,18.4
Riley Greene,DET,0.258,36,0.806,Jeffrey Springs,ATH,4.11,2.2,-0.2,0.9,0.184,0.12,0.037,0.004,0.068,0.466,18.4
Francisco Lindor,NYM,0.267,31,0.811,Cristopher Sanchez,PHI,2.5,0.0,0.0,0.88,0.206,0.134,0.041,0.004,0.055,0.521,18.4
Spencer Torkelson,DET,0.24,31,0.789,Garrett Crochet,BOS,2.59,1.5,-0.2,0.9,0.188,0.122,0.038,0.004,0.062,0.499,18.4
Jose Ramirez,CLE,0.283,30,0.863,Kevin Gausman,TOR,3.59,0.1,-0.5,0.95,0.221,0.143,0.044,0.004,0.055,0.496,18.4
Taylor Ward,LAA,0.228,36,0.792,Merrill Kelly,- - -,3.52,0.2,-0.5,0.92,0.173,0.112,0.035,0.003,0.064,0.506,18.3
James Wood,WSN,0.256,31,0.825,Jesus Luzardo,PHI,3.92,0.0,0.0,1.0,0.206,0.134,0.041,0.004,0.057,0.497,18.3
Francisco Lindor,NYM,0.267,31,0.811,Gavin Williams,CLE,3.06,0.9,1.0,0.88,0.199,0.129,0.04,0.004,0.056,0.511,18.3
Jose Ramirez,CLE,0.283,30,0.863,Tanner Bibee,CLE,4.24,1.3,-0.7,0.95,0.212,0.138,0.042,0.004,0.057,0.484,18.3
Pete Alonso,NYM,0.272,38,0.871,Zac Gallen,ARI,4.83,0.8,-0.7,0.88,0.182,0.118,0.036,0.004,0.063,0.502,18.3
Jose Ramirez,CLE,0.283,30,0.863,Jeffrey Springs,ATH,4.11,2.2,-0.2,0.95,0.214,0.139,0.043,0.004,0.06,0.463,18.3
Brandon Lowe,TBR,0.256,31,0.785,Zac Gallen,ARI,4.83,0.8,-0.7,1.0,0.194,0.126,0.039,0.004,0.058,0.509,18.3
Pete Alonso,NYM,0.272,38,0.871,Jake Irvin,WSN,5.7,1.1,-3.0,0.88,0.171,0.111,0.034,0.003,0.063,0.512,18.3
Shea Langeliers,ATH,0.277,31,0.861,Jake Irvin,WSN,5.7,1.1,-3.0,1.0,0.198,0.129,0.04,0.004,0.059,0.497,18.3
Julio Rodriguez,SEA,0.267,32,0.798,Jeffrey Springs,ATH,4.11,2.2,-0.2,0.92,0.195,0.127,0.039,0.004,0.062,0.48,18.3
Willy Adames,SFG,0.225,30,0.74,Cristopher Sanchez,PHI,2.5,0.0,0.0,1.0,0.197,0.128,0.039,0.004,0.06,0.488,18.3
Julio Rodriguez,SEA,0.267,32,0.798,Tanner Bibee,CLE,4.24,1.3,-0.7,0.92,0.194,0.126,0.039,0.004,0.059,0.5,18.2
Francisco Lindor,NYM,0.267,31,0.811,Yoshinobu Yamamoto,LAD,2.49,0.0,0.0,0.88,0.206,0.134,0.041,0.004,0.055,0.503,18.2
Francisco Lindor,NYM,0.267,31,0.811,Clay Holmes,NYM,3.53,1.3,-3.7,0.88,0.193,0.126,0.039,0.004,0.061,0.481,18.2
Jo Adell,LAA,0.236,37,0.778,Kyle Hendricks,LAA,4.76,1.4,-1.8,0.92,0.165,0.108,0.033,0.003,0.068,0.482,18.2
Jo Adell,LAA,0.236,37,0.778,Jesus Luzardo,PHI,3.92,0.0,0.0,0.92,0.175,0.113,0.035,0.003,0.063,0.503,18.2
Taylor Ward,LAA,0.228,36,0.792,Jeffrey Springs,ATH,4.11,2.2,-0.2,0.92,0.167,0.108,0.033,0.003,0.07,0.468,18.2
Riley Greene,DET,0.258,36,0.806,Jesus Luzardo,PHI,3.92,0.0,0.0,0.9,0.187,0.121,0.037,0.004,0.06,0.502,18.2
Spencer Torkelson,DET,0.24,31,0.789,Tarik Skubal,DET,2.21,1.0,3.3,0.9,0.192,0.125,0.038,0.004,0.061,0.488,18.2
Taylor Ward,LAA,0.228,36,0.792,Kevin Gausman,TOR,3.59,0.1,-0.5,0.92,0.172,0.112,0.034,0.003,0.064,0.501,18.2
James Wood,WSN,0.256,31,0.825,Kyle Hendricks,LAA,4.76,1.4,-1.8,1.0,0.195,0.127,0.039,0.004,0.062,0.476,18.2
Francisco Lindor,NYM,0.267,31,0.811,Zack Littell,- - -,3.81,1.4,-1.6,0.88,0.19,0.124,0.038,0.004,0.058,0.509,18.2
Brandon Lowe,TBR,0.256,31,0.785,Jake Irvin,WSN,5.7,1.1,-3.0,1.0,0.183,0.119,0.037,0.004,0.059,0.518,18.2
Jose Ramirez,CLE,0.283,30,0.863,Jesus Luzardo,PHI,3.92,0.0,0.0,0.95,0.216,0.141,0.043,0.004,0.053,0.499,18.2
Julio Rodriguez,SEA,0.267,32,0.798,Jesus Luzardo,PHI,3.92,0.0,0.0,0.92,0.197,0.128,0.039,0.004,0.054,0.516,18.1
Taylor Ward,LAA,0.228,36,0.792,Tanner Bibee,CLE,4.24,1.3,-0.7,0.92,0.165,0.107,0.033,0.003,0.066,0.488,18.1
James Wood,WSN,0.256,31,0.825,Dylan Cease,SDP,4.55,0.3,2.9,1.0,0.198,0.129,0.04,0.004,0.056,0.506,18.1
Vinnie Pasquantino,KCR,0.264,32,0.798,Jake Irvin,WSN,5.7,1.1,-3.0,1.0,0.189,0.123,0.038,0.004,0.061,0.485,18.1
Jo Adell,LAA,0.236,37,0.778,Dylan Cease,SDP,4.55,0.3,2.9,0.92,0.168,0.109,0.034,0.003,0.062,0.513,18.1
Willy Adames,SFG,0.225,30,0.74,Clay Holmes,NYM,3.53,1.3,-3.7,1.0,0.185,0.12,0.037,0.004,0.067,0.448,18.1
James Wood,WSN,0.256,31,0.825,Andre Pallante,STL,5.31,0.9,-1.9,1.0,0.188,0.122,0.038,0.004,0.058,0.504,18.1
Riley Greene,DET,0.258,36,0.806,Kyle Hendricks,LAA,4.76,1.4,-1.8,0.9,0.177,0.115,0.035,0.004,0.065,0.48,18.1
Vinnie Pasquantino,KCR,0.264,32,0.798,Zac Gallen,ARI,4.83,0.8,-0.7,1.0,0.2,0.13,0.04,0.004,0.06,0.476,18.1
Willy Adames,SFG,0.225,30,0.74,Gavin Williams,CLE,3.06,0.9,1.0,1.0,0.191,0.124,0.038,0.004,0.062,0.477,18.1
Jo Adell,LAA,0.236,37,0.778,Andre Pallante,STL,5.31,0.9,-1.9,0.92,0.159,0.104,0.032,0.003,0.064,0.511,18.0
Riley Greene,DET,0.258,36,0.806,Andre Pallante,STL,5.31,0.9,-1.9,0.9,0.171,0.111,0.034,0.003,0.061,0.509,18.0
Jose Ramirez,CLE,0.283,30,0.863,Dylan Cease,SDP,4.55,0.3,2.9,0.95,0.208,0.135,0.042,0.004,0.052,0.508,18.0
Francisco Lindor,NYM,0.267,31,0.811,Sonny Gray,STL,4.28,2.0,-0.5,0.88,0.185,0.12,0.037,0.004,0.057,0.516,18.0
Willy Adames,SFG,0.225,30,0.74,Zack Littell,- - -,3.81,1.4,-1.6,1.0,0.182,0.118,0.036,0.004,0.064,0.476,18.0
Julio Rodriguez,SEA,0.267,32,0.798,Kyle Hendricks,LAA,4.76,1.4,-1.8,0.92,0.187,0.122,0.037,0.004,0.059,0.495,18.0
Jose Ramirez,CLE,0.283,30,0.863,Kyle Hendricks,LAA,4.76,1.4,-1.8,0.95,0.205,0.133,0.041,0.004,0.057,0.478,18.0
Riley Greene,DET,0.258,36,0.806,Dylan Cease,SDP,4.55,0.3,2.9,0.9,0.179,0.117,0.036,0.004,0.059,0.511,18.0
Julio Rodriguez,SEA,0.267,32,0.798,Dylan Cease,SDP,4.55,0.3,2.9,0.92,0.19,0.123,0.038,0.004,0.053,0.525,18.0
Willy Adames,SFG,0.225,30,0.74,Yoshinobu Yamamoto,LAD,2.49,0.0,0.0,1.0,0.197,0.128,0.039,0.004,0.06,0.47,18.0
Francisco Lindor,NYM,0.267,31,0.811,Merrill Kelly,- - -,3.52,0.2,-0.5,0.88,0.194,0.126,0.039,0.004,0.053,0.524,18.0
Spencer Torkelson,DET,0.24,31,0.789,Cristopher Sanchez,PHI,2.5,0.0,0.0,0.9,0.189,0.123,0.038,0.004,0.056,0.502,17.9
Taylor Ward,LAA,0.228,36,0.792,Jesus Luzardo,PHI,3.92,0.0,0.0,0.92,0.169,0.11,0.034,0.003,0.061,0.503,17.9
Julio Rodriguez,SEA,0.267,32,0.798,Andre Pallante,STL,5.31,0.9,-1.9,0.92,0.18,0.117,0.036,0.004,0.055,0.523,17.9
Willy Adames,SFG,0.225,30,0.74,Sonny Gray,STL,4.28,2.0,-0.5,1.0,0.177,0.115,0.035,0.004,0.062,0.483,17.9
Jose Ramirez,CLE,0.283,30,0.863,Andre Pallante,STL,5.31,0.9,-1.9,0.95,0.197,0.128,0.039,0.004,0.053,0.506,17.9
Taylor Ward,LAA,0.228,36,0.792,Kyle Hendricks,LAA,4.76,1.4,-1.8,0.92,0.16,0.104,0.032,0.003,0.066,0.482,17.8
Jo Adell,LAA,0.236,37,0.778,Zac Gallen,ARI,4.83,0.8,-0.7,0.92,0.165,0.107,0.033,0.003,0.064,0.484,17.8
Willy Adames,SFG,0.225,30,0.74,Merrill Kelly,- - -,3.52,0.2,-0.5,1.0,0.185,0.121,0.037,0.004,0.058,0.491,17.8
Francisco Lindor,NYM,0.267,31,0.811,Kevin Gausman,TOR,3.59,0.1,-0.5,0.88,0.193,0.125,0.039,0.004,0.052,0.519,17.8
James Wood,WSN,0.256,31,0.825,Zac Gallen,ARI,4.83,0.8,-0.7,1.0,0.194,0.126,0.039,0.004,0.058,0.478,17.8
Spencer Torkelson,DET,0.24,31,0.789,Gavin Williams,CLE,3.06,0.9,1.0,0.9,0.183,0.119,0.037,0.004,0.058,0.491,17.7
Francisco Lindor,NYM,0.267,31,0.811,Tanner Bibee,CLE,4.24,1.3,-0.7,0.88,0.185,0.12,0.037,0.004,0.055,0.506,17.7
Jo Adell,LAA,0.236,37,0.778,Jake Irvin,WSN,5.7,1.1,-3.0,0.92,0.155,0.101,0.031,0.003,0.064,0.494,17.7
Willy Adames,SFG,0.225,30,0.74,Kevin Gausman,TOR,3.59,0.1,-0.5,1.0,0.185,0.12,0.037,0.004,0.058,0.486,17.7
Taylor Ward,LAA,0.228,36,0.792,Andre Pallante,STL,5.31,0.9,-1.9,0.92,0.154,0.1,0.031,0.003,0.062,0.511,17.7
Francisco Lindor,NYM,0.267,31,0.811,Jeffrey Springs,ATH,4.11,2.2,-0.2,0.88,0.187,0.121,0.037,0.004,0.058,0.485,17.7
James Wood,WSN,0.256,31,0.825,Jake Irvin,WSN,5.7,1.1,-3.0,1.0,0.183,0.119,0.037,0.004,0.059,0.487,17.7
Riley Greene,DET,0.258,36,0.806,Jake Irvin,WSN,5.7,1.1,-3.0,0.9,0.166,0.108,0.033,0.003,0.061,0.492,17.7
Riley Greene,DET,0.258,36,0.806,Zac Gallen,ARI,4.83,0.8,-0.7,0.9,0.176,0.114,0.035,0.004,0.061,0.482,17.7
Taylor Ward,LAA,0.228,36,0.792,Dylan Cease,SDP,4.55,0.3,2.9,0.92,0.162,0.105,0.032,0.003,0.06,0.513,17.7
Spencer Torkelson,DET,0.24,31,0.789,Zack Littell,- - -,3.81,1.4,-1.6,0.9,0.175,0.114,0.035,0.003,0.059,0.489,17.6
Julio Rodriguez,SEA,0.267,32,0.798,Zac Gallen,ARI,4.83,0.8,-0.7,0.92,0.186,0.121,0.037,0.004,0.055,0.497,17.6
Willy Adames,SFG,0.225,30,0.74,Jeffrey Springs,ATH,4.11,2.2,-0.2,1.0,0.179,0.116,0.036,0.004,0.063,0.452,17.6
Jose Ramirez,CLE,0.283,30,0.863,Zac Gallen,ARI,4.83,0.8,-0.7,0.95,0.204,0.133,0.041,0.004,0.053,0.48,17.6
Spencer Torkelson,DET,0.24,31,0.789,Yoshinobu Yamamoto,LAD,2.49,0.0,0.0,0.9,0.189,0.123,0.038,0.004,0.056,0.483,17.6
Spencer Torkelson,DET,0.24,31,0.789,Clay Holmes,NYM,3.53,1.3,-3.7,0.9,0.178,0.116,0.036,0.004,0.063,0.461,17.6
Francisco Lindor,NYM,0.267,31,0.811,Jesus Luzardo,PHI,3.92,0.0,0.0,0.88,0.189,0.123,0.038,0.004,0.05,0.521,17.6
Julio Rodriguez,SEA,0.267,32,0.798,Jake Irvin,WSN,5.7,1.1,-3.0,0.92,0.176,0.114,0.035,0.004,0.056,0.506,17.5
Willy Adames,SFG,0.225,30,0.74,Tanner Bibee,CLE,4.24,1.3,-0.7,1.0,0.177,0.115,0.035,0.004,0.06,0.473,17.5
Spencer Torkelson,DET,0.24,31,0.789,Sonny Gray,STL,4.28,2.0,-0.5,0.9,0.17,0.11,0.034,0.003,0.058,0.496,17.5
Jose Ramirez,CLE,0.283,30,0.863,Jake Irvin,WSN,5.7,1.1,-3.0,0.95,0.192,0.125,0.038,0.004,0.054,0.489,17.5
Taylor Ward,LAA,0.228,36,0.792,Jake Irvin,WSN,5.7,1.1,-3.0,0.92,0.15,0.097,0.03,0.003,0.063,0.494,17.4
Willy Adames,SFG,0.225,30,0.74,Jesus Luzardo,PHI,3.92,0.0,0.0,1.0,0.181,0.118,0.036,0.004,0.055,0.488,17.4
Taylor Ward,LAA,0.228,36,0.792,Zac Gallen,ARI,4.83,0.8,-0.7,0.92,0.159,0.103,0.032,0.003,0.062,0.484,17.4
Spencer Torkelson,DET,0.24,31,0.789,Merrill Kelly,- - -,3.52,0.2,-0.5,0.9,0.178,0.116,0.036,0.004,0.054,0.504,17.4
Francisco Lindor,NYM,0.267,31,0.811,Kyle Hendricks,LAA,4.76,1.4,-1.8,0.88,0.179,0.116,0.036,0.004,0.054,0.5,17.4
Francisco Lindor,NYM,0.267,31,0.811,Dylan Cease,SDP,4.55,0.3,2.9,0.88,0.182,0.118,0.036,0.004,0.049,0.53,17.4
Spencer Torkelson,DET,0.24,31,0.789,Kevin Gausman,TOR,3.59,0.1,-0.5,0.9,0.177,0.115,0.035,0.004,0.054,0.499,17.3
Willy Adames,SFG,0.225,30,0.74,Kyle Hendricks,LAA,4.76,1.4,-1.8,1.0,0.171,0.111,0.034,0.003,0.06,0.467,17.3
Francisco Lindor,NYM,0.267,31,0.811,Andre Pallante,STL,5.31,0.9,-1.9,0.88,0.173,0.112,0.035,0.003,0.051,0.529,17.3
Willy Adames,SFG,0.225,30,0.74,Andre Pallante,STL,5.31,0.9,-1.9,1.0,0.165,0.107,0.033,0.003,0.056,0.495,17.2
Spencer Torkelson,DET,0.24,31,0.789,Jeffrey Springs,ATH,4.11,2.2,-0.2,0.9,0.172,0.112,0.034,0.003,0.059,0.466,17.2
Willy Adames,SFG,0.225,30,0.74,Dylan Cease,SDP,4.55,0.3,2.9,1.0,0.174,0.113,0.035,0.003,0.054,0.497,17.2
Francisco Lindor,NYM,0.267,31,0.811,Zac Gallen,ARI,4.83,0.8,-0.7,0.88,0.178,0.116,0.036,0.004,0.051,0.502,17.1
Spencer Torkelson,DET,0.24,31,0.789,Tanner Bibee,CLE,4.24,1.3,-0.7,0.9,0.17,0.111,0.034,0.003,0.056,0.486,17.1
Francisco Lindor,NYM,0.267,31,0.811,Jake Irvin,WSN,5.7,1.1,-3.0,0.88,0.168,0.109,0.034,0.003,0.052,0.512,17.0
Spencer Torkelson,DET,0.24,31,0.789,Jesus Luzardo,PHI,3.92,0.0,0.0,0.9,0.174,0.113,0.035,0.003,0.052,0.502,17.0
Willy Adames,SFG,0.225,30,0.74,Jake Irvin,WSN,5.7,1.1,-3.0,1.0,0.161,0.105,0.032,0.003,0.057,0.478,16.9
Willy Adames,SFG,0.225,30,0.74,Zac Gallen,ARI,4.83,0.8,-0.7,1.0,0.171,0.111,0.034,0.003,0.056,0.469,16.9
Spencer Torkelson,DET,0.24,31,0.789,Kyle Hendricks,LAA,4.76,1.4,-1.8,0.9,0.165,0.107,0.033,0.003,0.056,0.48,16.9
Spencer Torkelson,DET,0.24,31,0.789,Dylan Cease,SDP,4.55,0.3,2.9,0.9,0.167,0.108,0.033,0.003,0.051,0.511,16.9
Spencer Torkelson,DET,0.24,31,0.789,Andre Pallante,STL,5.31,0.9,-1.9,0.9,0.159,0.103,0.032,0.003,0.052,0.509,16.8
Spencer Torkelson,DET,0.24,31,0.789,Zac Gallen,ARI,4.83,0.8,-0.7,0.9,0.164,0.106,0.033,0.003,0.052,0.482,16.6
Spencer Torkelson,DET,0.24,31,0.789,Jake Irvin,WSN,5.7,1.1,-3.0,0.9,0.154,0.1,0.031,0.003,0.053,0.492,16.5
